date,news_component,tone_component,volatility_component,price_dev_component,hri_score,risk_level,brent_usd
2024-06-13,33.33333333333333,33.33333333333333,0.0,50.0,27.5,Moderate,81.44
2024-06-14,33.33333333333333,33.33333333333333,0.0,50.0,27.5,Moderate,81.49
2024-06-17,33.33333333333333,33.33333333333333,0.0,50.0,27.5,Moderate,82.45
2024-06-18,33.33333333333333,33.33333333333333,28.023032629558543,50.0,34.51,Moderate,84.79
2024-06-19,33.33333333333333,33.33333333333333,17.274472168905948,50.0,31.82,Moderate,85.64
2024-06-20,33.33333333333333,33.33333333333333,12.667946257197697,50.0,30.67,Moderate,85.92
2024-06-21,33.33333333333333,33.33333333333333,10.36468330134357,50.0,30.09,Moderate,86.42
2024-06-24,33.33333333333333,33.33333333333333,7.677543186180421,50.0,29.42,Moderate,86.75
2024-06-25,33.33333333333333,33.33333333333333,7.1017274472168905,50.0,29.28,Moderate,86.81
2024-06-26,33.33333333333333,33.33333333333333,19.001919385796544,53.98440849430267,32.85,Moderate,85.76
2024-06-27,33.33333333333333,33.33333333333333,4.990403071017274,58.0366410906717,29.95,Moderate,87.0
2024-06-28,33.33333333333333,33.33333333333333,3.8387715930902107,58.28333643265184,29.7,Moderate,87.26
2024-07-01,33.33333333333333,33.33333333333333,6.142034548944338,55.146019429155736,29.81,Moderate,86.57
2024-07-02,33.33333333333333,33.33333333333333,15.738963531669867,60.959010959010975,33.08,Moderate,88.28
2024-07-03,33.33333333333333,33.33333333333333,16.314779270633398,60.09731507929713,33.09,Moderate,88.25
2024-07-04,33.33333333333333,33.33333333333333,16.122840690978887,59.775434457010654,33.0,Moderate,88.34
2024-07-05,33.33333333333333,33.33333333333333,7.293666026871401,60.35004070240727,30.88,Moderate,88.66
2024-07-08,33.33333333333333,33.33333333333333,15.930902111324377,54.2436528123884,32.12,Moderate,87.15
2024-07-09,33.33333333333333,33.33333333333333,17.65834932821497,51.561232517660706,32.15,Moderate,86.48
2024-07-10,33.33333333333333,33.33333333333333,15.163147792706333,51.740214439327694,31.55,Moderate,86.55
2024-07-11,33.33333333333333,33.33333333333333,1.727447216890595,51.4358123675237,28.15,Moderate,86.49
2024-07-12,33.33333333333333,33.33333333333333,5.3742802303262955,54.5450149888792,29.53,Moderate,87.35
2024-07-15,33.33333333333333,33.33333333333333,6.71785028790787,50.90636828820831,29.32,Moderate,86.42
2024-07-16,33.33333333333333,33.33333333333333,6.525911708253358,51.535459775948524,29.36,Moderate,86.6
2024-07-17,33.33333333333333,33.33333333333333,2.111324376199616,48.35547944039888,27.78,Moderate,85.76
2024-07-18,33.33333333333333,33.33333333333333,2.6871401151631478,50.27816328928837,28.21,Moderate,86.26
2024-07-19,33.33333333333333,33.33333333333333,5.950095969289827,46.281297289861065,28.43,Moderate,85.19
2024-07-22,33.33333333333333,33.33333333333333,14.587332053742802,39.8735017762874,29.63,Moderate,83.44
2024-07-23,33.33333333333333,33.33333333333333,7.485604606525912,35.56285082861107,27.21,Moderate,82.2
2024-07-24,33.33333333333333,33.33333333333333,17.46641074856046,39.06940404107102,30.23,Moderate,83.01
2024-07-25,33.33333333333333,33.33333333333333,14.011516314779271,37.79091136023522,29.17,Moderate,82.58
2024-07-26,33.33333333333333,33.33333333333333,16.50671785028791,33.51261809303333,29.15,Moderate,81.35
2024-07-29,33.33333333333333,33.33333333333333,10.556621880998081,32.43486073674753,27.5,Moderate,80.94
2024-07-30,33.33333333333333,33.33333333333333,13.051823416506716,26.5402031603228,27.24,Moderate,79.26
2024-07-31,33.33333333333333,33.33333333333333,46.257197696737045,35.280876883930304,36.86,Moderate,81.39
2024-08-01,33.33333333333333,33.33333333333333,40.88291746641075,35.5958610147569,35.56,Moderate,81.37
2024-08-02,33.33333333333333,33.33333333333333,61.80422264875239,24.413768284410345,39.11,Moderate,78.35
2024-08-05,33.33333333333333,33.33333333333333,61.228406909788866,21.8102365826672,38.58,Moderate,77.51
2024-08-06,33.33333333333333,33.33333333333333,60.65259117082533,19.04364368618645,38.02,Moderate,76.62
2024-08-07,33.33333333333333,33.33333333333333,69.86564299424184,26.084008429309673,41.38,Elevated,78.26
2024-08-08,33.33333333333333,33.33333333333333,75.23992322456814,36.29645074599207,44.25,Elevated,80.76
2024-08-09,33.33333333333333,33.33333333333333,70.24952015355086,37.809559380414335,43.23,Elevated,81.07
2024-08-12,33.33333333333333,33.33333333333333,74.08829174664108,45.79146220655655,45.39,Elevated,83.06
2024-08-13,33.33333333333333,33.33333333333333,53.93474088291747,43.7545498446746,40.05,Elevated,82.51
2024-08-14,33.33333333333333,33.33333333333333,51.0556621880998,42.494092491183935,39.14,Moderate,82.15
2024-08-15,33.33333333333333,33.33333333333333,33.97312859884837,46.303579128934906,35.44,Moderate,83.09
2024-08-16,33.33333333333333,33.33333333333333,52.5911708253359,40.43555231222468,39.21,Moderate,81.56
2024-08-19,33.33333333333333,33.33333333333333,28.406909788867562,38.799920549203655,32.92,Moderate,81.09
2024-08-20,33.33333333333333,33.33333333333333,51.631477927063344,30.287349324242026,37.45,Moderate,78.85
2024-08-21,33.33333333333333,33.33333333333333,20.537428023032632,30.346150507215324,29.69,Moderate,78.77
2024-08-22,33.33333333333333,33.33333333333333,23.032629558541267,30.8266124461684,30.38,Moderate,78.8
2024-08-23,33.33333333333333,33.33333333333333,42.994241842610364,37.20731545441925,36.33,Moderate,80.34
2024-08-26,33.33333333333333,33.33333333333333,35.70057581573896,37.43959169067936,34.54,Moderate,
2024-08-27,33.33333333333333,33.33333333333333,37.61996161228407,42.25373887288646,35.74,Moderate,81.51
2024-08-28,33.33333333333333,33.33333333333333,46.06525911708253,36.619569878406,37.01,Moderate,80.04
2024-08-29,33.33333333333333,33.33333333333333,26.67946257197697,42.78397263551027,33.09,Moderate,81.55
2024-08-30,33.33333333333333,33.33333333333333,40.49904030710173,37.59841759599552,35.76,Moderate,80.2
2024-09-02,33.33333333333333,33.33333333333333,62.38003838771593,28.428069273864924,39.86,Moderate,77.82
2024-09-03,33.33333333333333,33.33333333333333,55.66218809980806,23.40108343039602,37.43,Moderate,76.46
2024-09-04,33.33333333333333,33.33333333333333,59.11708253358925,16.72694394213381,37.29,Moderate,74.67
2024-09-05,33.33333333333333,33.33333333333333,42.41842610364684,16.425614722051165,33.07,Moderate,74.47
2024-09-06,33.33333333333333,33.33333333333333,44.33781190019194,10.355483393796945,32.64,Moderate,72.82
2024-09-09,33.33333333333333,33.33333333333333,8.253358925143955,9.117971928123088,23.43,Moderate,72.37
2024-09-10,33.33333333333333,33.33333333333333,12.092130518234164,1.5701537877349736,23.26,Moderate,70.34
2024-09-11,33.33333333333333,33.33333333333333,14.203454894433781,2.08822421781757,23.86,Moderate,70.31
2024-09-12,33.33333333333333,33.33333333333333,77.92706333973129,16.756112104949334,42.0,Elevated,73.81
2024-09-13,33.33333333333333,33.33333333333333,75.43186180422265,16.681252430960757,41.36,Elevated,73.68
2024-09-16,33.33333333333333,33.33333333333333,75.62380038387715,18.249513680509047,41.64,Elevated,73.96
2024-09-17,33.33333333333333,33.33333333333333,71.78502879078695,21.04366704477473,41.1,Elevated,74.55
2024-09-18,33.33333333333333,33.33333333333333,70.8253358925144,21.300827109426887,40.9,Elevated,74.52
2024-09-19,33.33333333333333,33.33333333333333,56.4299424184261,27.365934962723237,38.21,Moderate,75.93
2024-09-20,33.33333333333333,33.33333333333333,55.85412667946257,27.780508283672216,38.13,Moderate,75.96
2024-09-23,33.33333333333333,33.33333333333333,9.788867562380037,23.97664908074079,26.04,Moderate,74.95
2024-09-24,33.33333333333333,33.33333333333333,8.829174664107486,25.67926131510586,26.06,Moderate,75.29
2024-09-25,33.33333333333333,33.33333333333333,9.021113243761997,26.426483670097888,26.22,Moderate,75.4
2024-09-26,33.33333333333333,33.33333333333333,39.731285988483684,17.20695676271947,32.51,Moderate,73.06
2024-09-27,33.33333333333333,33.33333333333333,47.60076775431862,11.769167181643786,33.67,Moderate,71.63
2024-09-30,33.33333333333333,33.33333333333333,34.357005758157385,15.140264026402631,30.86,Moderate,72.35
2024-10-01,33.33333333333333,33.33333333333333,71.97696737044146,27.57812377502862,42.13,Elevated,75.3
2024-10-02,33.33333333333333,33.33333333333333,70.44145873320538,26.042583615391884,41.52,Elevated,74.86
2024-10-03,33.33333333333333,33.33333333333333,78.3109404990403,37.39381911233004,45.19,Elevated,77.57
2024-10-04,33.33333333333333,33.33333333333333,78.88675623800384,44.693960919592406,46.43,Elevated,79.32
2024-10-07,33.33333333333333,33.33333333333333,69.48176583493282,54.644415517518816,45.57,Elevated,81.74
2024-10-08,33.33333333333333,33.33333333333333,83.10940499040306,40.0818095601074,46.79,Elevated,78.19
2024-10-09,33.33333333333333,33.33333333333333,85.22072936660268,35.57206372947112,46.64,Elevated,77.06
2024-10-10,33.33333333333333,33.33333333333333,83.87715930902111,45.51489652112101,47.8,Elevated,79.45
2024-10-11,33.33333333333333,33.33333333333333,82.72552783109404,48.92142533618037,48.02,Elevated,80.27
2024-10-14,33.33333333333333,33.33333333333333,81.57389635316699,41.56530875053928,46.63,Elevated,78.47
2024-10-15,33.33333333333333,33.33333333333333,90.01919385796545,22.023657353015853,45.81,Elevated,73.68
2024-10-16,33.33333333333333,33.33333333333333,85.41266794625719,22.185502500935677,44.68,Elevated,73.65
2024-10-17,33.33333333333333,33.33333333333333,83.30134357005758,25.474136399769865,44.65,Elevated,74.37
2024-10-18,33.33333333333333,33.33333333333333,84.06909788867563,19.113262150408,43.88,Elevated,72.75
2024-10-21,33.33333333333333,33.33333333333333,77.35124760076776,21.745485979583766,42.6,Elevated,73.29
2024-10-22,33.33333333333333,33.33333333333333,83.6852207293666,31.72170439352449,45.68,Elevated,75.59
2024-10-23,33.33333333333333,33.33333333333333,82.91746641074856,28.403552052852255,44.99,Elevated,74.68
2024-10-24,33.33333333333333,33.33333333333333,50.67178502879079,27.19546176309628,36.75,Moderate,74.27
2024-10-25,33.33333333333333,33.33333333333333,54.894433781190024,33.31653727654501,38.72,Moderate,75.62
2024-10-28,33.33333333333333,33.33333333333333,78.50287907869482,18.240203277618523,42.36,Elevated,71.87
2024-10-29,33.33333333333333,33.33333333333333,76.58349328214972,15.624582385962782,41.49,Elevated,71.09
2024-10-30,33.33333333333333,33.33333333333333,80.99808061420346,25.082488090774547,44.01,Elevated,73.21
2024-10-31,33.33333333333333,33.33333333333333,76.1996161228407,25.847979874723553,42.93,Elevated,73.25
2024-11-01,33.33333333333333,33.33333333333333,76.00767754318618,28.049061276081893,43.21,Elevated,73.63
2024-11-04,33.33333333333333,33.33333333333333,77.54318618042227,33.899944037867854,44.47,Elevated,74.89
2024-11-05,33.33333333333333,33.33333333333333,78.69481765834932,43.27428355115192,46.16,Elevated,76.98
2024-11-06,33.33333333333333,33.33333333333333,42.226487523992326,41.86208707198513,36.84,Moderate,76.52
2024-11-07,33.33333333333333,33.33333333333333,41.65067178502879,39.08067753442711,36.27,Moderate,75.73
2024-11-08,33.33333333333333,33.33333333333333,48.368522072936656,32.54101659435348,36.97,Moderate,74.04
2024-11-11,33.33333333333333,33.33333333333333,61.036468330134355,25.305035188602798,39.05,Moderate,72.19
2024-11-12,33.33333333333333,33.33333333333333,60.84452975047985,27.503547274060896,39.34,Moderate,72.56
2024-11-13,33.33333333333333,33.33333333333333,54.12667946257198,29.400057802310364,37.94,Moderate,72.86
2024-11-14,33.33333333333333,33.33333333333333,24.56813819577735,32.266474012744226,30.98,Moderate,73.39
2024-11-15,33.33333333333333,33.33333333333333,25.911708253358924,33.155088662719706,31.45,Moderate,73.45
2024-11-18,33.33333333333333,33.33333333333333,34.16506717850288,37.58945096137752,34.18,Moderate,74.35
2024-11-19,33.33333333333333,33.33333333333333,18.426103646833013,38.02775251429685,30.31,Moderate,74.32
2024-11-20,33.33333333333333,33.33333333333333,0.3838771593090211,38.601364409846575,25.89,Moderate,74.33
2024-11-21,33.33333333333333,33.33333333333333,0.5758157389635317,42.41835962975337,26.51,Moderate,75.09
2024-11-22,33.33333333333333,33.33333333333333,0.9596928982725527,47.234409162648575,27.33,Moderate,76.1
2024-11-25,33.33333333333333,33.33333333333333,23.224568138195778,39.71407914113069,31.76,Moderate,74.27
2024-11-26,33.33333333333333,33.33333333333333,23.41650671785029,41.33511092016005,32.05,Moderate,74.56
2024-11-27,33.33333333333333,33.33333333333333,21.689059500959694,38.93037555526163,31.26,Moderate,73.91
2024-11-28,33.33333333333333,33.33333333333333,21.8809980806142,39.380160939579035,31.38,Moderate,73.92
2024-11-29,33.33333333333333,33.33333333333333,22.072936660268713,40.76704338528145,31.63,Moderate,74.16
2024-12-02,33.33333333333333,33.33333333333333,24.95201535508637,35.244464668828165,31.52,Moderate,72.81
2024-12-03,33.33333333333333,33.33333333333333,48.56046065259117,44.16467818163679,38.76,Moderate,74.8
2024-12-04,33.33333333333333,33.33333333333333,28.21497120921305,43.95979298510115,33.65,Moderate,74.68
2024-12-05,33.33333333333333,33.33333333333333,32.82149712092131,40.37437326176877,34.26,Moderate,73.78
2024-12-06,33.33333333333333,33.33333333333333,30.710172744721685,40.59087068593763,33.77,Moderate,73.78
2024-12-09,33.33333333333333,33.33333333333333,30.902111324376197,40.5505200630617,33.81,Moderate,73.73
2024-12-10,33.33333333333333,33.33333333333333,29.366602687140116,40.29638223816054,33.39,Moderate,73.64
2024-12-11,33.33333333333333,33.33333333333333,19.961612284069098,43.734401963715754,31.55,Moderate,74.38
2024-12-12,33.33333333333333,33.33333333333333,2.495201535508637,40.296200649528494,26.67,Moderate,73.52
2024-12-13,33.33333333333333,33.33333333333333,13.81957773512476,46.626044080743846,30.45,Moderate,74.89
2024-12-16,33.33333333333333,33.33333333333333,11.708253358925145,44.44825148842346,29.59,Moderate,74.3
2024-12-17,33.33333333333333,33.33333333333333,18.618042226487525,39.86341054929798,30.63,Moderate,73.16
2024-12-18,33.33333333333333,33.33333333333333,29.942418426103647,46.460440521100956,34.45,Moderate,74.57
2024-12-19,33.33333333333333,33.33333333333333,36.08445297504799,43.28362358570551,35.51,Moderate,73.75
2024-12-20,33.33333333333333,33.33333333333333,32.629558541266796,41.2045508517081,34.34,Moderate,73.19
2024-12-23,33.33333333333333,33.33333333333333,35.31669865642994,36.884526108845876,34.36,Moderate,72.12
2024-12-24,33.33333333333333,33.33333333333333,36.660268714011515,43.27043186744279,35.66,Moderate,73.5
2024-12-25,33.33333333333333,33.33333333333333,35.12476007677543,43.525574794854634,35.31,Moderate,73.5
2024-12-26,33.33333333333333,33.33333333333333,26.87140115163148,43.78257251069243,33.29,Moderate,
2024-12-27,33.33333333333333,33.33333333333333,15.355086372360843,45.30453686874086,30.63,Moderate,73.77
2024-12-30,33.33333333333333,33.33333333333333,12.284069097888676,47.69819730105457,30.23,Moderate,74.24
2024-12-31,33.33333333333333,33.33333333333333,10.748560460652591,49.55711812349014,30.12,Moderate,74.58
2025-01-02,33.33333333333333,33.33333333333333,5.566218809980806,56.71755073643949,29.9,Moderate,76.14
2025-01-03,33.33333333333333,33.33333333333333,1.5355086372360844,59.554456428897794,29.32,Moderate,76.72
2025-01-06,33.33333333333333,33.33333333333333,1.1516314779270633,62.16340485910211,29.61,Moderate,77.27
2025-01-07,33.33333333333333,33.33333333333333,0.7677543186180422,64.71100386666252,29.9,Moderate,77.84
2025-01-08,33.33333333333333,33.33333333333333,3.6468330134357005,62.56258941344779,30.3,Moderate,77.37
2025-01-09,33.33333333333333,33.33333333333333,4.798464491362764,67.14930264401008,31.27,Moderate,78.44
2025-01-10,33.33333333333333,33.33333333333333,5.758157389635317,72.76671042018258,32.35,Moderate,79.76
2025-01-13,33.33333333333333,33.33333333333333,23.99232245681382,85.30663528166997,38.79,Moderate,82.69
2025-01-14,33.33333333333333,33.33333333333333,30.134357005758154,83.42310460207582,40.05,Elevated,82.39
2025-01-15,33.33333333333333,33.33333333333333,29.558541266794624,87.55207338330013,40.52,Elevated,83.48
2025-01-16,33.33333333333333,33.33333333333333,49.32821497120921,82.05574535163855,44.64,Elevated,82.39
2025-01-17,33.33333333333333,33.33333333333333,40.69097888675624,84.349112804569,42.83,Elevated,83.02
2025-01-20,33.33333333333333,33.33333333333333,56.813819577735124,77.98773576651958,45.9,Elevated,81.68
2025-01-21,33.33333333333333,33.33333333333333,59.50095969289827,72.73047561105552,45.78,Elevated,80.57
2025-01-22,33.33333333333333,33.33333333333333,15.547024952015356,69.92785621484565,34.38,Moderate,80.0
2025-01-23,33.33333333333333,33.33333333333333,19.385796545105567,63.62471572270423,34.39,Moderate,78.62
2025-01-24,33.33333333333333,33.33333333333333,7.869481765834934,63.87990291224065,31.55,Moderate,78.71
2025-01-27,33.33333333333333,33.33333333333333,10.9404990403071,57.59279786809681,31.37,Moderate,77.3
2025-01-28,33.33333333333333,33.33333333333333,11.900191938579654,60.56949277406816,32.06,Moderate,78.01
2025-01-29,33.33333333333333,33.33333333333333,11.324376199616124,56.11883617238511,31.25,Moderate,77.02
2025-01-30,33.33333333333333,33.33333333333333,13.62763915547025,57.780537250184906,32.07,Moderate,77.42
2025-01-31,33.33333333333333,33.33333333333333,13.43570057581574,56.212705663161564,31.79,Moderate,77.11
2025-02-03,33.33333333333333,33.33333333333333,9.213051823416507,53.24250220257424,30.29,Moderate,76.49
2025-02-04,33.33333333333333,33.33333333333333,9.404990403071018,53.42958551316499,30.37,Moderate,76.58
2025-02-05,33.33333333333333,33.33333333333333,16.89059500959693,45.23461879393632,31.01,Moderate,74.71
2025-02-06,33.33333333333333,33.33333333333333,9.980806142034549,44.50235299291909,29.17,Moderate,74.54
2025-02-07,33.33333333333333,33.33333333333333,9.596928982725528,45.257308492013834,29.19,Moderate,74.68
2025-02-10,33.33333333333333,33.33333333333333,25.335892514395393,52.2293566853311,34.17,Moderate,76.23
2025-02-11,33.33333333333333,33.33333333333333,39.15547024952015,58.685421539277684,38.59,Moderate,77.65
2025-02-12,33.33333333333333,33.33333333333333,59.88483685220729,48.82397063157962,42.29,Elevated,75.38
2025-02-13,33.33333333333333,33.33333333333333,60.076775431861805,49.90842450481897,42.51,Elevated,75.61
2025-02-14,33.33333333333333,33.33333333333333,47.216890595009595,48.264856158486616,39.04,Moderate,75.19
2025-02-17,33.33333333333333,33.33333333333333,47.98464491362764,51.218486673874594,39.68,Moderate,75.81
2025-02-18,33.33333333333333,33.33333333333333,48.94433781190019,54.18675189276887,40.36,Elevated,76.46
2025-02-19,33.33333333333333,33.33333333333333,36.85220729366603,53.52518373610645,37.24,Moderate,76.34
2025-02-20,33.33333333333333,33.33333333333333,25.719769673704413,56.05214152700185,34.84,Moderate,76.95
2025-02-21,33.33333333333333,33.33333333333333,22.264875239923224,46.89771373605717,32.6,Moderate,74.88
2025-02-24,33.33333333333333,33.33333333333333,21.497120921305182,46.83794660024146,32.4,Moderate,74.89
2025-02-25,33.33333333333333,33.33333333333333,37.23608445297505,38.99889827324292,35.16,Moderate,73.11
2025-02-26,33.33333333333333,33.33333333333333,33.78119001919386,40.774293861306184,34.56,Moderate,73.49
2025-02-27,33.33333333333333,33.33333333333333,50.09596928982726,47.46179213155562,39.64,Moderate,75.01
2025-02-28,33.33333333333333,33.33333333333333,49.90403071017274,46.33554259104918,39.43,Moderate,74.76
2025-03-03,33.33333333333333,33.33333333333333,54.510556621881,38.04387572140149,39.33,Moderate,72.85
2025-03-04,33.33333333333333,33.33333333333333,42.61036468330134,35.641031673445184,36.0,Moderate,72.31
2025-03-05,33.33333333333333,33.33333333333333,48.17658349328215,29.517274472639304,36.47,Moderate,70.92
2025-03-06,33.33333333333333,33.33333333333333,39.34740882917466,30.32132294682006,34.39,Moderate,71.08
2025-03-07,33.33333333333333,33.33333333333333,52.39923224568138,36.57899124226461,38.59,Moderate,72.49
2025-03-10,33.33333333333333,33.33333333333333,39.53934740882917,30.474105686570258,34.46,Moderate,71.08
2025-03-11,33.33333333333333,33.33333333333333,44.145873320537426,32.52960279471389,35.92,Moderate,71.51
2025-03-12,33.33333333333333,33.33333333333333,36.2763915547025,36.50165138065244,34.54,Moderate,72.36
2025-03-13,33.33333333333333,33.33333333333333,48.75239923224568,29.957875903493008,36.68,Moderate,70.82
2025-03-14,33.33333333333333,33.33333333333333,44.52975047984645,35.090452696269345,36.4,Moderate,71.94
2025-03-17,33.33333333333333,33.33333333333333,44.72168905950096,35.145336609771746,36.45,Moderate,71.93
2025-03-18,33.33333333333333,33.33333333333333,31.861804222648754,35.157557965912964,33.24,Moderate,71.93
2025-03-19,33.33333333333333,33.33333333333333,18.234165067178505,35.23098693141364,29.84,Moderate,71.94
2025-03-20,33.33333333333333,33.33333333333333,19.769673704414586,38.209742781284376,30.67,Moderate,72.61
2025-03-21,33.33333333333333,33.33333333333333,16.698656429942417,38.37820986934402,29.93,Moderate,72.64
2025-03-24,33.33333333333333,33.33333333333333,4.414587332053743,44.19962957933043,27.73,Moderate,73.96
2025-03-25,33.33333333333333,33.33333333333333,1.9193857965451053,43.4299913439853,26.99,Moderate,73.78
2025-03-26,33.33333333333333,33.33333333333333,3.262955854126679,47.048022411213,27.87,Moderate,74.6
2025-03-27,33.33333333333333,33.33333333333333,2.3032629558541267,47.56041635298487,27.71,Moderate,74.72
2025-03-28,33.33333333333333,33.33333333333333,2.8790786948176583,47.44709412585608,27.84,Moderate,74.69
2025-03-31,33.33333333333333,33.33333333333333,24.760076775431862,58.63897412735738,34.99,Moderate,77.23
2025-04-01,33.33333333333333,33.33333333333333,22.84069097888676,60.896023084344556,34.84,Moderate,77.78
2025-04-02,33.33333333333333,33.33333333333333,26.103646833013432,58.502265288176005,35.3,Moderate,77.27
2025-04-03,33.33333333333333,33.33333333333333,81.7658349328215,37.64201165395276,46.09,Elevated,72.54
2025-04-04,33.33333333333333,33.33333333333333,88.8675623800384,19.394583530152733,45.13,Elevated,68.36
2025-04-07,33.33333333333333,33.33333333333333,89.44337811900192,9.86671336822153,43.84,Elevated,66.13
2025-04-08,33.33333333333333,33.33333333333333,88.29174664107485,4.574195349406131,42.76,Elevated,64.86
2025-04-09,33.33333333333333,33.33333333333333,89.82725527831093,15.73701559688652,44.82,Elevated,67.3
2025-04-10,33.33333333333333,33.33333333333333,87.1401151631478,7.561571592937959,42.92,Elevated,65.37
2025-04-11,33.33333333333333,33.33333333333333,90.7869481765835,14.365436908965446,44.85,Elevated,66.83
2025-04-14,33.33333333333333,33.33333333333333,87.3320537428023,16.218097539756425,44.27,Elevated,67.18
2025-04-15,33.33333333333333,33.33333333333333,78.1190019193858,13.858564787605665,41.61,Elevated,66.58
2025-04-16,33.33333333333333,33.33333333333333,73.12859884836853,20.18658637133712,41.31,Elevated,67.94
2025-04-17,33.33333333333333,33.33333333333333,69.09788867562379,26.629469342012708,41.27,Elevated,69.33
2025-04-21,33.33333333333333,33.33333333333333,58.54126679462573,26.823139182946935,38.66,Moderate,
2025-04-22,33.33333333333333,33.33333333333333,25.143953934740882,25.307997052740756,30.08,Moderate,68.93
2025-04-23,33.33333333333333,33.33333333333333,23.608445297504797,22.583783116247407,29.29,Moderate,68.26
2025-04-24,33.33333333333333,33.33333333333333,27.83109404990403,19.433733384566995,29.87,Moderate,67.5
2025-04-25,33.33333333333333,33.33333333333333,27.06333973128599,17.48708599209964,29.39,Moderate,66.99
2025-04-28,33.33333333333333,33.33333333333333,17.08253358925144,13.964328476527399,26.37,Moderate,66.13
2025-04-29,33.33333333333333,33.33333333333333,10.17274472168906,4.963715268399008,23.29,Moderate,64.04
2025-04-30,33.33333333333333,33.33333333333333,5.182341650671785,2.322566330238486,21.64,Moderate,63.37
2025-05-01,33.33333333333333,33.33333333333333,4.606525911708253,0.0,21.15,Moderate,62.37
2025-05-02,33.33333333333333,33.33333333333333,4.030710172744722,0.0,21.01,Moderate,61.57
2025-05-05,33.33333333333333,33.33333333333333,8.637236084452974,0.0,22.16,Moderate,
2025-05-06,33.33333333333333,33.33333333333333,27.2552783109405,0.0,26.81,Moderate,62.37
2025-05-07,33.33333333333333,33.33333333333333,43.37811900191939,0.0,30.84,Moderate,60.31
2025-05-08,33.33333333333333,33.33333333333333,66.41074856046065,0.23544645194681618,36.64,Moderate,62.22
2025-05-09,33.33333333333333,33.33333333333333,74.28023032629558,10.062297235940648,40.08,Elevated,64.26
2025-05-12,33.33333333333333,33.33333333333333,72.16890595009598,15.239208177001018,40.33,Elevated,65.28
2025-05-13,33.33333333333333,33.33333333333333,70.63339731285988,23.269179771981054,41.15,Elevated,66.93
2025-05-14,33.33333333333333,33.33333333333333,75.04798464491363,19.1476440046872,41.63,Elevated,65.91
2025-05-15,33.33333333333333,33.33333333333333,79.65451055662189,12.623244986789661,41.81,Elevated,64.36
2025-05-16,33.33333333333333,33.33333333333333,69.28982725527831,17.095653456085333,39.89,Moderate,65.2
2025-05-19,33.33333333333333,33.33333333333333,64.49136276391555,22.568611818255555,39.51,Moderate,66.25
2025-05-20,33.33333333333333,33.33333333333333,53.550863723608444,26.459890990965974,37.36,Moderate,66.93
2025-05-21,33.33333333333333,33.33333333333333,59.69289827255279,22.286715886375,38.27,Moderate,65.86
2025-05-22,33.33333333333333,33.33333333333333,47.02495201535509,18.5617131120584,34.54,Moderate,64.87
2025-05-23,33.33333333333333,33.33333333333333,44.913627639155465,21.878742631390644,34.51,Moderate,65.41
2025-05-27,33.33333333333333,33.33333333333333,35.50863723608445,17.668132988071807,31.53,Moderate,64.32
2025-05-28,33.33333333333333,33.33333333333333,45.68138195777352,24.987385268495704,35.17,Moderate,65.72
2025-05-29,33.33333333333333,33.33333333333333,43.7619961612284,20.49175873131337,34.01,Moderate,64.6
2025-05-30,33.33333333333333,33.33333333333333,37.81190019193858,19.920325716893004,32.44,Moderate,64.32
2025-06-02,33.33333333333333,33.33333333333333,64.10748560460652,31.030569849197736,40.68,Elevated,66.55
2025-06-03,33.33333333333333,33.33333333333333,60.26871401151631,35.98827387459009,40.47,Elevated,67.48
2025-06-04,33.33333333333333,33.33333333333333,63.91554702495201,32.77896102856447,40.9,Elevated,66.69
2025-06-05,33.33333333333333,33.33333333333333,57.77351247600768,35.4594893173858,39.76,Moderate,67.14
2025-06-06,33.33333333333333,33.33333333333333,52.01535508637236,40.09860188518053,39.02,Moderate,68.02
2025-06-09,33.33333333333333,33.33333333333333,33.20537428023032,43.92536912297194,34.89,Moderate,68.73
2025-06-10,33.33333333333333,33.33333333333333,33.589251439539346,42.8520947304066,34.83,Moderate,68.41
2025-06-11,33.33333333333333,33.33333333333333,49.520153550863725,56.86537439832537,40.91,Elevated,71.29
2025-06-12,33.33333333333333,33.33333333333333,53.16698656429942,55.026896443385866,41.55,Elevated,70.84
2025-06-13,33.33333333333333,33.33333333333333,80.80614203454894,79.59858350431986,52.14,Elevated,76.0
2025-06-16,33.33333333333333,33.33333333333333,84.83685220729367,75.03284161111714,52.46,Elevated,75.05
2025-06-17,33.33333333333333,33.33333333333333,86.37236084452975,92.22140921840288,55.43,Elevated,78.7
2025-06-18,33.33333333333333,33.33333333333333,88.09980806142035,90.56650526990887,55.61,Elevated,78.38
2025-06-19,33.33333333333333,33.33333333333333,86.18042226487525,99.89374671187001,56.53,Elevated,80.37
2025-06-20,33.33333333333333,33.33333333333333,89.25143953934742,91.87397668808075,56.09,Elevated,78.73
2025-06-23,33.33333333333333,33.33333333333333,92.13051823416507,71.02383619468303,53.69,Elevated,74.34
2025-06-24,33.33333333333333,33.33333333333333,91.36276391554703,46.506875713376076,49.82,Elevated,69.13
2025-06-25,33.33333333333333,33.33333333333333,91.55470249520154,43.40889380028387,49.4,Elevated,68.4
2025-06-26,33.33333333333333,33.33333333333333,86.9481765834933,44.63300750868762,48.43,Elevated,68.57
2025-06-27,33.33333333333333,33.33333333333333,89.0595009596929,48.82847165029084,49.59,Elevated,69.37
2025-06-30,33.33333333333333,33.33333333333333,83.49328214971209,43.4457707053335,47.39,Elevated,68.15
2025-07-01,33.33333333333333,33.33333333333333,84.26103646833013,41.32858717898253,47.26,Elevated,67.63
2025-07-02,33.33333333333333,33.33333333333333,89.63531669865642,56.76895355031135,50.92,Elevated,70.8
2025-07-03,33.33333333333333,33.33333333333333,66.98656429942419,55.089315321290044,45.01,Elevated,70.42
2025-07-04,33.33333333333333,33.33333333333333,64.68330134357005,58.1554095092492,44.89,Elevated,71.03
2025-07-07,33.33333333333333,33.33333333333333,66.02687140115164,62.748177400244046,45.92,Elevated,71.95
2025-07-08,33.33333333333333,33.33333333333333,64.87523992322457,65.52010171015709,46.05,Elevated,72.5
2025-07-09,33.33333333333333,33.33333333333333,59.309021113243766,63.06631760413058,44.29,Elevated,71.98
2025-07-10,33.33333333333333,33.33333333333333,67.56238003838772,55.47130280550688,45.21,Elevated,70.38
2025-07-11,33.33333333333333,33.33333333333333,38.00383877159309,63.495265827591105,39.03,Moderate,72.06
2025-07-14,33.33333333333333,33.33333333333333,45.297504798464495,58.20748294408352,40.06,Elevated,70.96
2025-07-15,33.33333333333333,33.33333333333333,45.489443378119006,55.00692002463066,39.62,Moderate,70.27
2025-07-16,33.33333333333333,33.33333333333333,38.771593090211134,52.19393297267213,37.52,Moderate,69.67
2025-07-17,33.33333333333333,33.33333333333333,56.046065259117086,60.15072779257387,43.03,Elevated,71.32
2025-07-18,33.33333333333333,33.33333333333333,55.27831094049904,58.969980351573525,42.67,Elevated,71.06
2025-07-21,33.33333333333333,33.33333333333333,43.953934740882914,63.0515076741624,40.45,Elevated,71.92
2025-07-22,33.33333333333333,33.33333333333333,52.783109404990405,52.4325507843156,41.06,Elevated,69.69
2025-07-23,33.33333333333333,33.33333333333333,51.24760076775432,50.07497978223733,40.32,Elevated,69.17
2025-07-24,33.33333333333333,33.33333333333333,58.73320537428023,56.1825118644122,43.11,Elevated,70.42
2025-07-25,33.33333333333333,33.33333333333333,61.42034548944337,50.59059844450737,42.94,Elevated,69.23
2025-07-28,33.33333333333333,33.33333333333333,61.61228406909789,58.596630609708875,44.19,Elevated,70.87
2025-07-29,33.33333333333333,33.33333333333333,71.59309021113243,69.85416656616023,48.38,Elevated,73.21
2025-07-30,33.33333333333333,33.33333333333333,71.40115163147792,73.56773492556388,48.89,Elevated,73.98
2025-07-31,33.33333333333333,33.33333333333333,57.38963531669866,70.9343141133472,44.99,Elevated,73.43
2025-08-01,33.33333333333333,33.33333333333333,76.3915547024952,57.26140800616225,47.69,Elevated,70.55
2025-08-04,33.33333333333333,33.33333333333333,75.81573896353166,52.7610591343384,46.87,Elevated,69.56
2025-08-05,33.33333333333333,33.33333333333333,73.70441458733205,51.03061429555521,46.08,Elevated,69.14
2025-08-06,33.33333333333333,33.33333333333333,69.67370441458733,45.863845945212915,44.3,Elevated,67.97
2025-08-07,33.33333333333333,33.33333333333333,34.548944337811896,41.683607267018914,34.89,Moderate,66.99
2025-08-08,33.33333333333333,33.33333333333333,24.184261036468328,43.09010189629376,32.51,Moderate,67.17
2025-08-11,33.33333333333333,33.33333333333333,31.477927063339735,44.28834533867046,34.51,Moderate,67.36
2025-08-12,33.33333333333333,33.33333333333333,4.222648752399232,41.64684190298266,27.3,Moderate,66.8
2025-08-13,33.33333333333333,33.33333333333333,3.071017274472169,38.96483504009465,26.61,Moderate,66.25
2025-08-14,33.33333333333333,33.33333333333333,38.38771593090211,47.887057239624816,36.78,Moderate,68.12
2025-08-15,33.33333333333333,33.33333333333333,32.24568138195777,43.899965045411186,34.65,Moderate,67.3
2025-08-18,33.33333333333333,33.33333333333333,29.174664107485604,48.02788181979213,34.5,Moderate,68.18
2025-08-19,33.33333333333333,33.33333333333333,50.479846449136275,40.45715060269915,38.69,Moderate,66.62
2025-08-20,33.33333333333333,33.33333333333333,54.31861804222648,45.245917396464755,40.37,Elevated,67.61
2025-08-21,33.33333333333333,33.33333333333333,53.74280230326296,49.035321693493565,40.79,Elevated,68.41
2025-08-22,33.33333333333333,33.33333333333333,51.82341650671785,48.43349872822984,40.22,Elevated,68.29
2025-08-25,33.33333333333333,33.33333333333333,28.598848368522074,48.4893835734771,34.42,Moderate,
2025-08-26,33.33333333333333,33.33333333333333,40.11516314779271,41.81524953929048,36.3,Moderate,66.89
2025-08-27,33.33333333333333,33.33333333333333,39.923224568138195,46.058640684811195,36.89,Moderate,67.75
2025-08-28,33.33333333333333,33.33333333333333,22.648752399232247,50.22093263823285,33.2,Moderate,68.61
2025-08-29,33.33333333333333,33.33333333333333,23.80038387715931,46.41125194588575,32.91,Moderate,67.83
2025-09-01,33.33333333333333,33.33333333333333,21.30518234165067,42.80857655835782,31.75,Moderate,67.09
2025-09-02,33.33333333333333,33.33333333333333,28.982725527831093,47.56474221905446,34.38,Moderate,68.09
2025-09-03,33.33333333333333,33.33333333333333,30.326295585412666,45.76272101090298,34.45,Moderate,67.76
2025-09-04,33.33333333333333,33.33333333333333,28.79078694817658,39.047394050015434,33.05,Moderate,66.41
2025-09-05,33.33333333333333,33.33333333333333,33.01343570057582,31.68435365787252,33.01,Moderate,64.92
2025-09-08,33.33333333333333,33.33333333333333,27.447216890595012,34.00895731159954,31.96,Moderate,65.44
2025-09-09,33.33333333333333,33.33333333333333,67.37044145873321,45.937204292740894,43.73,Elevated,67.97
2025-09-10,33.33333333333333,33.33333333333333,66.79462571976967,43.96421120904552,43.29,Elevated,67.62
2025-09-11,33.33333333333333,33.33333333333333,63.72360844529751,41.809253979739886,42.2,Elevated,67.25
2025-09-12,33.33333333333333,33.33333333333333,65.06717850287907,44.508331427994904,42.94,Elevated,67.87
2025-09-15,33.33333333333333,33.33333333333333,58.34932821497121,44.36562904983822,41.24,Elevated,67.88
2025-09-16,33.33333333333333,33.33333333333333,46.64107485604607,52.86503769574852,39.59,Moderate,69.69
2025-09-17,33.33333333333333,33.33333333333333,52.97504798464492,50.33167709118658,40.79,Elevated,69.19
2025-09-18,33.33333333333333,33.33333333333333,32.437619961612285,43.67222523085689,34.66,Moderate,67.83
2025-09-19,33.33333333333333,33.33333333333333,37.04414587332054,39.77220644486989,35.23,Moderate,67.05
2025-09-22,33.33333333333333,33.33333333333333,35.892514395393476,38.81839160199064,34.8,Moderate,66.87
2025-09-23,33.33333333333333,33.33333333333333,41.8426103646833,43.979675384096645,37.06,Moderate,67.96
2025-09-24,33.33333333333333,33.33333333333333,57.00575815738963,51.925131172629044,42.04,Elevated,69.64
2025-09-25,33.33333333333333,33.33333333333333,42.80230326295585,55.71766382360281,39.06,Moderate,70.48
2025-09-26,33.33333333333333,33.33333333333333,41.074856046065264,58.59643530139862,39.06,Moderate,71.15
2025-09-29,33.33333333333333,33.33333333333333,58.157389635316704,48.07346450852001,41.75,Elevated,69.0
2025-09-30,33.33333333333333,33.33333333333333,54.702495201535505,45.54688041640668,40.51,Elevated,68.52
2025-10-01,33.33333333333333,33.33333333333333,67.17850287907869,36.61867626474708,42.29,Elevated,66.67
2025-10-02,33.33333333333333,33.33333333333333,66.60268714011515,30.673662727183988,41.25,Elevated,65.44
2025-10-03,33.33333333333333,33.33333333333333,55.08637236084453,33.89271761087745,38.86,Moderate,66.13
2025-10-06,33.33333333333333,33.33333333333333,57.965451055662186,38.470057537791824,40.26,Elevated,67.09
2025-10-07,33.33333333333333,33.33333333333333,52.207293666026864,38.53757932180587,38.83,Moderate,67.1
2025-10-08,33.33333333333333,33.33333333333333,37.42802303262956,40.034837300692786,35.36,Moderate,67.42
2025-10-09,33.33333333333333,33.33333333333333,36.46833013435701,39.11889596602975,34.98,Moderate,67.23
2025-10-10,33.33333333333333,33.33333333333333,60.46065259117083,25.77185649209415,38.98,Moderate,64.41
2025-10-13,33.33333333333333,33.33333333333333,57.58157389635316,24.74982750864859,38.11,Moderate,64.15
2025-10-14,33.33333333333333,33.33333333333333,55.470249520153544,19.48916461580529,36.79,Moderate,63.0
2025-10-15,33.33333333333333,33.33333333333333,40.30710172744721,16.699399260628436,32.58,Moderate,62.33
2025-10-16,33.33333333333333,33.33333333333333,38.57965451055662,11.143537922227052,31.32,Moderate,61.08
2025-10-17,33.33333333333333,33.33333333333333,34.74088291746641,12.569073159154295,30.57,Moderate,61.23
2025-10-20,33.33333333333333,33.33333333333333,31.285988483685223,10.735400571033377,29.43,Moderate,60.71
2025-10-21,33.33333333333333,33.33333333333333,8.061420345489443,12.986951652295964,23.96,Moderate,61.0
2025-10-22,33.33333333333333,33.33333333333333,32.05374280230326,19.995589576247603,31.01,Moderate,62.28
2025-10-23,33.33333333333333,33.33333333333333,80.61420345489442,40.41048338106392,46.22,Elevated,66.32
2025-10-24,33.33333333333333,33.33333333333333,79.84644913627639,38.54930506071032,45.74,Elevated,65.8
2025-10-27,33.33333333333333,33.33333333333333,76.96737044145874,37.641216990400856,44.89,Elevated,65.52
2025-10-28,33.33333333333333,33.33333333333333,81.19001919385796,30.603336738168185,44.89,Elevated,64.03
2025-10-29,33.33333333333333,33.33333333333333,80.03838771593091,35.58493149490246,45.35,Elevated,65.01
2025-10-30,33.33333333333333,33.33333333333333,80.23032629558541,36.25631963873756,45.5,Elevated,65.11
2025-10-31,33.33333333333333,33.33333333333333,79.46257197696737,38.08278364170093,45.58,Elevated,65.44
2025-11-03,33.33333333333333,33.33333333333333,18.809980806142036,39.926750425701414,30.69,Moderate,65.79
2025-11-04,33.33333333333333,33.33333333333333,20.34548944337812,36.37723618798564,30.54,Moderate,65.04
2025-11-05,33.33333333333333,33.33333333333333,34.93282149712092,29.37582844468943,33.14,Moderate,63.54
2025-11-06,33.33333333333333,33.33333333333333,21.113243761996163,29.09532607951825,29.64,Moderate,63.41
2025-11-07,33.33333333333333,33.33333333333333,12.476007677543185,31.000114008085767,27.77,Moderate,63.72
2025-11-10,33.33333333333333,33.33333333333333,13.24376199616123,27.955262796761314,27.5,Moderate,63.01
2025-11-11,33.33333333333333,33.33333333333333,20.92130518234165,32.60403989098252,30.12,Moderate,63.86
2025-11-12,33.33333333333333,33.33333333333333,38.963531669865645,23.31906121154459,33.24,Moderate,61.88
2025-11-13,33.33333333333333,33.33333333333333,42.034548944337814,25.027237800332557,34.26,Moderate,62.14
2025-11-14,33.33333333333333,33.33333333333333,49.71209213051823,31.97698270583241,37.22,Moderate,63.45
2025-11-17,33.33333333333333,33.33333333333333,50.287907869481764,30.941907954352516,37.21,Moderate,63.16
2025-11-18,33.33333333333333,33.33333333333333,62.571976967370446,39.69072164948457,41.6,Elevated,64.86
2025-11-19,33.33333333333333,33.33333333333333,65.25911708253359,34.6228666796282,41.51,Elevated,63.78
2025-11-20,33.33333333333333,33.33333333333333,63.14779270633397,34.330344490607274,40.94,Elevated,63.64
2025-11-21,33.33333333333333,33.33333333333333,45.105566218809976,30.469910666433435,35.85,Moderate,62.78
2025-11-24,33.33333333333333,33.33333333333333,62.95585412667947,41.10000511557871,41.9,Elevated,64.83
2025-11-25,33.33333333333333,33.33333333333333,62.76391554702495,37.20110779766219,41.27,Elevated,63.99
2025-11-26,33.33333333333333,33.33333333333333,63.339731285988485,41.5451066887229,42.07,Elevated,64.81
2025-11-27,33.33333333333333,33.33333333333333,53.35892514395394,38.72284835894195,39.15,Moderate,64.18
2025-11-28,33.33333333333333,33.33333333333333,47.408829174664106,38.44859625332725,37.62,Moderate,64.07
2025-12-01,33.33333333333333,33.33333333333333,46.83301343570058,39.5614233559312,37.64,Moderate,64.22
2025-12-02,33.33333333333333,33.33333333333333,45.87332053742802,35.81399552221182,36.84,Moderate,63.37
2025-12-03,33.33333333333333,33.33333333333333,11.132437619961612,38.280098252553046,28.53,Moderate,63.75
2025-12-04,33.33333333333333,33.33333333333333,6.90978886756238,40.80390076297311,27.85,Moderate,64.15
2025-12-05,33.33333333333333,33.33333333333333,3.45489443378119,42.50457048665504,27.24,Moderate,64.42
2025-12-08,33.33333333333333,33.33333333333333,8.445297504798464,37.177864305111775,27.69,Moderate,63.3
2025-12-09,33.33333333333333,33.33333333333333,11.516314779270633,34.084072413837795,27.99,Moderate,62.62
2025-12-10,33.33333333333333,33.33333333333333,12.859884836852206,36.88095455513954,28.75,Moderate,63.12
2025-12-11,33.33333333333333,33.33333333333333,19.193857965451055,30.811564964350303,29.42,Moderate,61.87
2025-12-12,33.33333333333333,33.33333333333333,18.042226487523994,32.3004752095982,29.36,Moderate,62.11
2025-12-15,33.33333333333333,33.33333333333333,14.779270633397312,29.762782850505694,28.16,Moderate,61.55
2025-12-16,33.33333333333333,33.33333333333333,20.153550863723606,21.877610055205857,28.32,Moderate,59.93
2025-12-17,33.33333333333333,33.33333333333333,29.750479846449135,25.636529233446193,31.28,Moderate,60.61
2025-12-18,33.33333333333333,33.33333333333333,31.09404990403071,26.435433223141185,31.74,Moderate,60.69
2025-12-19,33.33333333333333,33.33333333333333,33.397312859884835,30.121464798711088,32.87,Moderate,61.35
2025-12-22,33.33333333333333,33.33333333333333,30.518234165067177,34.88955566542213,32.86,Moderate,62.22
2025-12-23,33.33333333333333,33.33333333333333,47.79270633397313,42.62124794039692,38.34,Moderate,63.7
2025-12-24,33.33333333333333,33.33333333333333,41.45873320537428,42.83877835373265,36.79,Moderate,63.7
2025-12-26,33.33333333333333,33.33333333333333,6.333973128598848,43.1012021081305,28.05,Moderate,
2025-12-29,33.33333333333333,33.33333333333333,14.39539347408829,40.313394210148644,29.65,Moderate,63.1
2025-12-30,33.33333333333333,33.33333333333333,24.37619961612284,36.53769138350629,31.57,Moderate,62.3
2025-12-31,33.33333333333333,33.33333333333333,31.669865642994242,31.958986587727985,32.71,Moderate,61.35
2026-01-02,33.33333333333333,33.33333333333333,27.63915547024952,35.51186881287861,32.24,Moderate,61.98
2026-01-05,33.33333333333333,33.33333333333333,17.85028790786948,41.071152717273726,30.62,Moderate,63.0
2026-01-06,33.33333333333333,33.33333333333333,22.456813819577732,36.751610303883126,31.13,Moderate,62.1
2026-01-07,33.33333333333333,33.33333333333333,25.5278310940499,31.819599425785512,31.15,Moderate,61.08
2026-01-08,33.33333333333333,33.33333333333333,65.64299424184262,43.74767266194694,42.97,Elevated,63.34
2026-01-09,33.33333333333333,33.33333333333333,68.71401151631477,53.041199121048685,45.13,Elevated,65.11
2026-01-12,33.33333333333333,33.33333333333333,62.18809980806142,54.59818816803338,43.74,Elevated,65.4
2026-01-13,33.33333333333333,33.33333333333333,68.33013435700576,65.7026600350861,46.94,Elevated,67.58
2026-01-14,33.33333333333333,33.33333333333333,68.52207293666027,72.15531085111263,47.95,Elevated,68.87
2026-01-15,33.33333333333333,33.33333333333333,80.42226487523992,58.27339553439733,48.85,Elevated,66.16
2026-01-16,33.33333333333333,33.33333333333333,76.77543186180422,62.49439140907316,48.57,Elevated,66.97
2026-01-19,33.33333333333333,33.33333333333333,73.32053742802303,62.20477862700542,47.66,Elevated,66.91
2026-01-20,33.33333333333333,33.33333333333333,70.05758157389636,66.1926616296638,47.44,Elevated,67.68
2026-01-21,33.33333333333333,33.33333333333333,72.36084452975048,61.303666589185326,47.29,Elevated,66.72
2026-01-22,33.33333333333333,33.33333333333333,65.83493282149712,55.041680881932265,44.71,Elevated,65.46
2026-01-23,33.33333333333333,33.33333333333333,77.15930902111324,69.06102849474689,49.65,Elevated,68.16
2026-01-26,33.33333333333333,33.33333333333333,63.53166986564299,66.69062202353258,45.89,Elevated,67.7
2026-01-27,33.33333333333333,33.33333333333333,73.51247600767753,79.82763461362904,50.35,Elevated,70.28
2026-01-28,33.33333333333333,33.33333333333333,72.552783109405,82.77725375175856,50.55,Elevated,70.9
2026-01-29,33.33333333333333,33.33333333333333,72.93666026871402,83.10188848900236,50.7,Elevated,71.0
2026-01-30,33.33333333333333,33.33333333333333,68.90595009596929,89.38585736304536,50.63,Elevated,72.25
2026-02-02,33.33333333333333,33.33333333333333,88.67562380038387,66.1826328161245,52.1,Elevated,67.72
2026-02-03,33.33333333333333,33.33333333333333,87.71593090211132,78.07264484430505,53.64,Elevated,70.01
2026-02-04,33.33333333333333,33.33333333333333,87.5239923224568,83.82172668090908,54.45,Elevated,71.15
2026-02-05,33.33333333333333,33.33333333333333,85.79654510556622,77.13284276043841,53.02,Elevated,69.87
2026-02-06,33.33333333333333,33.33333333333333,85.6046065259117,79.88900823487293,53.38,Elevated,70.45
2026-02-09,33.33333333333333,33.33333333333333,85.98848368522073,83.34191776118121,54.0,Elevated,71.19
2026-02-10,33.33333333333333,33.33333333333333,85.02879078694818,82.10861761170715,53.57,Elevated,71.01
2026-02-11,33.33333333333333,33.33333333333333,41.26679462571977,84.45375606450438,42.98,Elevated,71.52
2026-02-12,33.33333333333333,33.33333333333333,38.1957773512476,75.4427160523441,40.87,Elevated,69.8
2026-02-13,33.33333333333333,33.33333333333333,26.48752399232246,76.1086991890804,38.04,Moderate,69.96
2026-02-16,33.33333333333333,33.33333333333333,20.72936660268714,80.25292833307373,37.22,Moderate,70.81
2026-02-17,33.33333333333333,33.33333333333333,26.29558541266795,74.58451536339835,37.76,Moderate,69.77
2026-02-18,33.33333333333333,33.33333333333333,51.439539347408825,84.41594001432247,45.52,Elevated,71.78
2026-02-19,33.33333333333333,33.33333333333333,57.19769673704415,90.88735987252645,47.93,Elevated,73.17
2026-02-20,33.33333333333333,33.33333333333333,58.92514395393474,88.07953312310715,47.94,Elevated,72.75
2026-02-23,33.33333333333333,33.33333333333333,43.5700575815739,83.06534307905122,43.35,Elevated,71.9
2026-02-24,33.33333333333333,33.33333333333333,50.8637236084453,78.93500265388727,44.56,Elevated,71.21
2026-02-25,33.33333333333333,33.33333333333333,49.1362763915547,75.68200273461332,43.64,Elevated,70.69
2026-02-26,33.33333333333333,33.33333333333333,43.186180422264876,79.9527684131369,42.79,Elevated,71.66
2026-02-27,33.33333333333333,33.33333333333333,19.577735124760075,77.67761881702373,36.55,Moderate,71.32
2026-03-02,33.33333333333333,33.33333333333333,87.90786948176583,100.0,56.98,Elevated,77.24
2026-03-03,33.33333333333333,33.33333333333333,91.74664107485604,100.0,57.94,Elevated,83.28
2026-03-04,33.33333333333333,33.33333333333333,91.93857965451056,100.0,57.98,Elevated,81.56
2026-03-05,33.33333333333333,33.33333333333333,93.66602687140116,100.0,58.42,Elevated,88.59
2026-03-06,33.33333333333333,33.33333333333333,93.47408829174664,100.0,58.37,Elevated,95.74
2026-03-09,33.33333333333333,33.33333333333333,94.43378119001919,100.0,58.61,Elevated,94.35
2026-03-10,33.33333333333333,33.33333333333333,94.81765834932821,100.0,58.7,Elevated,89.84
2026-03-11,33.33333333333333,33.33333333333333,94.6257197696737,100.0,58.66,Elevated,90.98
2026-03-12,33.33333333333333,33.33333333333333,96.54510556621881,100.0,59.14,Elevated,102.38
2026-03-13,33.33333333333333,33.33333333333333,95.77735124760078,100.0,58.94,Elevated,103.23
2026-03-16,33.33333333333333,33.33333333333333,95.20153550863724,100.0,58.8,Elevated,101.04
2026-03-17,33.33333333333333,33.33333333333333,95.00959692898272,100.0,58.75,Elevated,108.39
2026-03-18,33.33333333333333,33.33333333333333,96.1612284069098,100.0,59.04,Elevated,118.09
2026-03-19,33.33333333333333,33.33333333333333,96.73704414587331,100.0,59.18,Elevated,111.05
2026-03-20,33.33333333333333,33.33333333333333,96.92898272552783,100.0,59.23,Elevated,118.42
2026-03-23,33.33333333333333,33.33333333333333,99.61612284069098,100.0,59.9,Elevated,103.79
2026-03-24,33.33333333333333,33.33333333333333,100.0,100.0,60.0,High,108.42
2026-03-25,33.33333333333333,33.33333333333333,99.80806142034548,100.0,59.95,Elevated,109.14
2026-03-26,33.33333333333333,33.33333333333333,99.42418426103646,100.0,59.86,Elevated,113.39
2026-03-27,33.33333333333333,33.33333333333333,98.46449136276392,100.0,59.62,Elevated,121.47
2026-03-30,33.33333333333333,33.33333333333333,97.31285988483685,100.0,59.33,Elevated,121.88
2026-03-31,33.33333333333333,33.33333333333333,96.3531669865643,100.0,59.09,Elevated,126.69
2026-04-01,33.33333333333333,33.33333333333333,91.17082533589252,100.0,57.79,Elevated,119.56
2026-04-02,33.33333333333333,33.33333333333333,92.32245681381957,100.0,58.08,Elevated,127.61
2026-04-06,33.33333333333333,33.33333333333333,92.51439539347409,100.0,58.13,Elevated,
2026-04-07,33.33333333333333,33.33333333333333,94.04990403071018,100.0,58.51,Elevated,138.21
2026-04-08,33.33333333333333,33.33333333333333,98.0806142034549,100.0,59.52,Elevated,122.11
2026-04-09,33.33333333333333,33.33333333333333,98.2725527831094,100.0,59.57,Elevated,119.03
2026-04-10,33.33333333333333,33.33333333333333,97.69673704414588,100.0,59.42,Elevated,119.07
2026-04-13,33.33333333333333,33.33333333333333,97.12092130518234,100.0,59.28,Elevated,123.28
2026-04-14,33.33333333333333,33.33333333333333,95.58541266794626,100.0,58.9,Elevated,118.69
2026-04-15,33.33333333333333,33.33333333333333,95.96928982725528,100.0,58.99,Elevated,114.93
2026-04-16,33.33333333333333,33.33333333333333,93.85796545105566,100.0,58.46,Elevated,116.63
2026-04-17,33.33333333333333,33.33333333333333,95.39347408829175,100.0,58.85,Elevated,98.63
2026-04-20,33.33333333333333,33.33333333333333,97.50479846449136,100.0,59.38,Elevated,103.4
2026-04-21,33.33333333333333,33.33333333333333,97.88867562380038,100.0,59.47,Elevated,106.14
2026-04-22,33.33333333333333,33.33333333333333,99.23224568138195,100.0,59.81,Elevated,113.44
2026-04-23,33.33333333333333,33.33333333333333,99.04030710172745,100.0,59.76,Elevated,113.25
2026-04-24,33.33333333333333,33.33333333333333,98.65642994241843,100.0,59.66,Elevated,111.86
2026-04-27,33.33333333333333,33.33333333333333,98.84836852207293,100.0,59.71,Elevated,113.89
2026-04-28,33.33333333333333,33.33333333333333,79.07869481765835,100.0,54.77,Elevated,117.62
2026-04-29,33.33333333333333,33.33333333333333,81.38195777351248,100.0,55.35,Elevated,124.16
2026-04-30,33.33333333333333,33.33333333333333,84.45297504798465,100.0,56.11,Elevated,124.24
2026-05-01,33.33333333333333,33.33333333333333,86.75623800383877,100.0,56.69,Elevated,118.26
2026-05-04,33.33333333333333,33.33333333333333,86.56429942418427,100.0,56.64,Elevated,
2026-05-05,33.33333333333333,33.33333333333333,90.21113243761995,100.0,57.55,Elevated,114.51
2026-05-06,33.33333333333333,33.33333333333333,94.24184261036469,98.99007712421351,58.41,Elevated,103.7
2026-05-07,33.33333333333333,33.33333333333333,92.89827255278311,90.24446969261507,56.76,Elevated,101.82
2026-05-08,33.33333333333333,33.33333333333333,90.59500959692899,94.3887992563337,56.81,Elevated,103.48
2026-05-11,33.33333333333333,33.33333333333333,90.97888675623801,100.0,57.74,Elevated,106.11
2026-05-12,33.33333333333333,33.33333333333333,93.28214971209214,100.0,58.32,Elevated,111.37
2026-05-13,33.33333333333333,33.33333333333333,93.09021113243762,100.0,58.27,Elevated,110.28
2026-05-14,100.0,50.45391795284802,92.7063339731286,100.0,85.79,Critical,110.91
2026-05-15,93.58801106252749,45.8481781370219,71.0172744721689,100.0,76.97,Critical,113.96
2026-05-16,61.954006394346685,48.56163606476709,61.99616122840691,100.0,64.32,High,
2026-05-17,62.254397781363515,51.42591116837038,65.4510556621881,100.0,66.01,High,
2026-05-18,73.43187682723539,54.29465866351482,64.29942418426103,100.0,70.35,High,116.73
2026-05-19,66.5317329201892,54.21860014097728,46.449136276391556,100.0,63.45,High,114.64
2026-05-20,62.646812773357,51.83860440237332,77.73512476007679,92.5046511565499,68.2,High,108.93
2026-05-21,59.12943439500987,50.83887331157191,79.27063339731286,80.21809421743478,65.26,High,105.84
2026-05-22,53.52917730114041,49.22170825668946,74.6641074856046,82.1854879795939,62.03,High,106.9
2026-05-23,55.80443610972651,48.44973810663815,74.6641074856046,80.5588492822197,62.39,High,
2026-05-24,62.99936751981466,45.90244194843163,74.6641074856046,78.90734040947017,64.03,High,
2026-05-25,68.46649238106716,41.76647412031691,66.21880998080614,77.21967200581923,62.54,High,
2026-05-26,66.16794639977509,46.507554620073485,71.20921305182341,61.8800438110213,61.87,High,102.75
2026-05-27,49.6546532793327,50.57851921967199,73.89635316698656,41.860026841781945,54.78,Elevated,97.11
2026-05-28,46.950000574144454,54.275651254440874,72.7447216890595,35.47172373567713,53.51,Elevated,95.47
2026-05-29,43.38452801180687,50.60890367045242,67.94625719769674,26.0659009413151,48.73,Elevated,92.88
2026-05-30,31.044348720288156,48.92538466561029,67.94625719769674,25.3160266379551,43.88,Elevated,
2026-05-31,28.753243472126478,50.69197892082909,67.94625719769674,24.61231421566729,43.42,Elevated,
2026-06-01,44.58716365354034,59.82875542958822,90.40307101727447,41.45199355576805,59.38,Elevated,98.29
2026-06-02,42.973413188635526,59.49844554890249,88.48368522072937,41.09515339174737,58.2,Elevated,98.49
2026-06-03,46.96054569848811,61.443268530931185,82.53358925143954,50.51652779510478,60.01,High,101.69
2026-06-04,44.36394733693032,55.77620936421411,84.64491362763916,40.587666333953344,56.72,Elevated,98.98
2026-06-05,35.14692137608488,55.36484581332136,82.14971209213053,34.12750206930907,51.8,Elevated,97.29
2026-06-06,27.681811376648202,57.68111866416042,82.14971209213053,33.228832135392786,49.63,Elevated,
2026-06-07,33.133420567967725,58.64551176536897,82.14971209213053,32.32909054137508,51.64,Elevated,
2026-06-08,62.6965897832011,66.56645528853765,56.62188099808061,31.996021804222863,57.54,Elevated,97.46
2026-06-09,36.63237425752763,57.71197727888602,56.23800383877159,31.05815816063374,45.97,Elevated,
2026-06-10,42.11999586695177,57.10792041861313,14.971209213051823,30.13123384905574,37.28,Moderate,
2026-06-11,51.80658511471946,57.81701861855477,1.3435700575815739,29.23815999253082,37.31,Moderate,
2026-06-12,35.69146527746114,48.98652435454089,0.19193857965451055,28.315609130247427,29.03,Moderate,
