date,brent_usd,wti_usd,_source,_fetched_at,_run_id
2024-07-15,86.42,83.22,EIA,2026-07-14T15:21:30.068252+00:00,20260714T152127Z
2024-07-16,86.6,81.92,EIA,2026-07-14T15:21:30.068252+00:00,20260714T152127Z
2024-07-17,85.76,84.16,EIA,2026-07-14T15:21:30.068252+00:00,20260714T152127Z
2024-07-18,86.26,84.17,EIA,2026-07-14T15:21:30.068252+00:00,20260714T152127Z
2024-07-19,85.19,81.43,EIA,2026-07-14T15:21:30.068252+00:00,20260714T152127Z
2024-07-22,83.44,81.25,EIA,2026-07-14T15:21:30.068252+00:00,20260714T152127Z
2024-07-23,82.2,78.24,EIA,2026-07-14T15:21:30.068252+00:00,20260714T152127Z
2024-07-24,83.01,78.78,EIA,2026-07-14T15:21:30.068252+00:00,20260714T152127Z
2024-07-25,82.58,79.43,EIA,2026-07-14T15:21:30.068252+00:00,20260714T152127Z
2024-07-26,81.35,78.58,EIA,2026-07-14T15:21:30.068252+00:00,20260714T152127Z
2024-07-29,80.94,77.27,EIA,2026-07-14T15:21:30.068252+00:00,20260714T152127Z
2024-07-30,79.26,76.17,EIA,2026-07-14T15:21:30.068252+00:00,20260714T152127Z
2024-07-31,81.39,79.36,EIA,2026-07-14T15:21:30.068252+00:00,20260714T152127Z
2024-08-01,81.37,77.74,EIA,2026-07-14T15:21:30.068252+00:00,20260714T152127Z
2024-08-02,78.35,74.99,EIA,2026-07-14T15:21:30.068252+00:00,20260714T152127Z
2024-08-05,77.51,74.46,EIA,2026-07-14T15:21:30.068252+00:00,20260714T152127Z
2024-08-06,76.62,74.6,EIA,2026-07-14T15:21:30.068252+00:00,20260714T152127Z
2024-08-07,78.26,76.68,EIA,2026-07-14T15:21:30.068252+00:00,20260714T152127Z
2024-08-08,80.76,77.64,EIA,2026-07-14T15:21:30.068252+00:00,20260714T152127Z
2024-08-09,81.07,78.28,EIA,2026-07-14T15:21:30.068252+00:00,20260714T152127Z
2024-08-12,83.06,81.45,EIA,2026-07-14T15:21:30.068252+00:00,20260714T152127Z
2024-08-13,82.51,79.81,EIA,2026-07-14T15:21:30.068252+00:00,20260714T152127Z
2024-08-14,82.15,78.47,EIA,2026-07-14T15:21:30.068252+00:00,20260714T152127Z
2024-08-15,83.09,79.66,EIA,2026-07-14T15:21:30.068252+00:00,20260714T152127Z
2024-08-16,81.56,78.05,EIA,2026-07-14T15:21:30.068252+00:00,20260714T152127Z
2024-08-19,81.09,75.82,EIA,2026-07-14T15:21:30.068252+00:00,20260714T152127Z
2024-08-20,78.85,75.27,EIA,2026-07-14T15:21:30.068252+00:00,20260714T152127Z
2024-08-21,78.77,72.76,EIA,2026-07-14T15:21:30.068252+00:00,20260714T152127Z
2024-08-22,78.8,73.72,EIA,2026-07-14T15:21:30.068252+00:00,20260714T152127Z
2024-08-23,80.34,75.82,EIA,2026-07-14T15:21:30.068252+00:00,20260714T152127Z
2024-08-26,,78.4,EIA,2026-07-14T15:21:30.068252+00:00,20260714T152127Z
2024-08-27,81.51,76.5,EIA,2026-07-14T15:21:30.068252+00:00,20260714T152127Z
2024-08-28,80.04,75.49,EIA,2026-07-14T15:21:30.068252+00:00,20260714T152127Z
2024-08-29,81.55,76.9,EIA,2026-07-14T15:21:30.068252+00:00,20260714T152127Z
2024-08-30,80.2,74.52,EIA,2026-07-14T15:21:30.068252+00:00,20260714T152127Z
2024-09-02,77.82,,EIA,2026-07-14T15:21:30.068252+00:00,20260714T152127Z
2024-09-03,76.46,71.28,EIA,2026-07-14T15:21:30.068252+00:00,20260714T152127Z
2024-09-04,74.67,70.11,EIA,2026-07-14T15:21:30.068252+00:00,20260714T152127Z
2024-09-05,74.47,70.09,EIA,2026-07-14T15:21:30.068252+00:00,20260714T152127Z
2024-09-06,72.82,68.58,EIA,2026-07-14T15:21:30.068252+00:00,20260714T152127Z
2024-09-09,72.37,69.65,EIA,2026-07-14T15:21:30.068252+00:00,20260714T152127Z
2024-09-10,70.34,66.73,EIA,2026-07-14T15:21:30.068252+00:00,20260714T152127Z
2024-09-11,70.31,68.25,EIA,2026-07-14T15:21:30.068252+00:00,20260714T152127Z
2024-09-12,73.81,69.89,EIA,2026-07-14T15:21:30.068252+00:00,20260714T152127Z
2024-09-13,73.68,69.59,EIA,2026-07-14T15:21:30.068252+00:00,20260714T152127Z
2024-09-16,73.96,71.1,EIA,2026-07-14T15:21:30.068252+00:00,20260714T152127Z
2024-09-17,74.55,72.16,EIA,2026-07-14T15:21:30.068252+00:00,20260714T152127Z
2024-09-18,74.52,71.87,EIA,2026-07-14T15:21:30.068252+00:00,20260714T152127Z
2024-09-19,75.93,72.86,EIA,2026-07-14T15:21:30.068252+00:00,20260714T152127Z
2024-09-20,75.96,72.72,EIA,2026-07-14T15:21:30.068252+00:00,20260714T152127Z
2024-09-23,74.95,71.33,EIA,2026-07-14T15:21:30.068252+00:00,20260714T152127Z
2024-09-24,75.29,72.34,EIA,2026-07-14T15:21:30.068252+00:00,20260714T152127Z
2024-09-25,75.4,70.42,EIA,2026-07-14T15:21:30.068252+00:00,20260714T152127Z
2024-09-26,73.06,68.28,EIA,2026-07-14T15:21:30.068252+00:00,20260714T152127Z
2024-09-27,71.63,68.72,EIA,2026-07-14T15:21:30.068252+00:00,20260714T152127Z
2024-09-30,72.35,68.75,EIA,2026-07-14T15:21:30.068252+00:00,20260714T152127Z
2024-10-01,75.3,70.41,EIA,2026-07-14T15:21:30.068252+00:00,20260714T152127Z
2024-10-02,74.86,70.74,EIA,2026-07-14T15:21:30.068252+00:00,20260714T152127Z
2024-10-03,77.57,74.33,EIA,2026-07-14T15:21:30.068252+00:00,20260714T152127Z
2024-10-04,79.32,74.93,EIA,2026-07-14T15:21:30.068252+00:00,20260714T152127Z
2024-10-07,81.74,77.76,EIA,2026-07-14T15:21:30.068252+00:00,20260714T152127Z
2024-10-08,78.19,74.26,EIA,2026-07-14T15:21:30.068252+00:00,20260714T152127Z
2024-10-09,77.06,73.85,EIA,2026-07-14T15:21:30.068252+00:00,20260714T152127Z
2024-10-10,79.45,76.46,EIA,2026-07-14T15:21:30.068252+00:00,20260714T152127Z
2024-10-11,80.27,76.11,EIA,2026-07-14T15:21:30.068252+00:00,20260714T152127Z
2024-10-14,78.47,76.11,EIA,2026-07-14T15:21:30.068252+00:00,20260714T152127Z
2024-10-15,73.68,71.22,EIA,2026-07-14T15:21:30.068252+00:00,20260714T152127Z
2024-10-16,73.65,70.97,EIA,2026-07-14T15:21:30.068252+00:00,20260714T152127Z
2024-10-17,74.37,71.26,EIA,2026-07-14T15:21:30.068252+00:00,20260714T152127Z
2024-10-18,72.75,69.78,EIA,2026-07-14T15:21:30.068252+00:00,20260714T152127Z
2024-10-21,73.29,71.16,EIA,2026-07-14T15:21:30.068252+00:00,20260714T152127Z
2024-10-22,75.59,72.84,EIA,2026-07-14T15:21:30.068252+00:00,20260714T152127Z
2024-10-23,74.68,71.37,EIA,2026-07-14T15:21:30.068252+00:00,20260714T152127Z
2024-10-24,74.27,70.58,EIA,2026-07-14T15:21:30.068252+00:00,20260714T152127Z
2024-10-25,75.62,72.02,EIA,2026-07-14T15:21:30.068252+00:00,20260714T152127Z
2024-10-28,71.87,67.65,EIA,2026-07-14T15:21:30.068252+00:00,20260714T152127Z
2024-10-29,71.09,67.48,EIA,2026-07-14T15:21:30.068252+00:00,20260714T152127Z
2024-10-30,73.21,68.91,EIA,2026-07-14T15:21:30.068252+00:00,20260714T152127Z
2024-10-31,73.25,69.58,EIA,2026-07-14T15:21:30.068252+00:00,20260714T152127Z
2024-11-01,73.63,69.81,EIA,2026-07-14T15:21:30.068252+00:00,20260714T152127Z
2024-11-04,74.89,71.83,EIA,2026-07-14T15:21:30.068252+00:00,20260714T152127Z
2024-11-05,76.98,72.26,EIA,2026-07-14T15:21:30.068252+00:00,20260714T152127Z
2024-11-06,76.52,71.98,EIA,2026-07-14T15:21:30.068252+00:00,20260714T152127Z
2024-11-07,75.73,72.69,EIA,2026-07-14T15:21:30.068252+00:00,20260714T152127Z
2024-11-08,74.04,70.69,EIA,2026-07-14T15:21:30.068252+00:00,20260714T152127Z
2024-11-11,72.19,70.69,EIA,2026-07-14T15:21:30.068252+00:00,20260714T152127Z
2024-11-12,72.56,68.43,EIA,2026-07-14T15:21:30.068252+00:00,20260714T152127Z
2024-11-13,72.86,68.76,EIA,2026-07-14T15:21:30.068252+00:00,20260714T152127Z
2024-11-14,73.39,68.99,EIA,2026-07-14T15:21:30.068252+00:00,20260714T152127Z
2024-11-15,73.45,67.33,EIA,2026-07-14T15:21:30.068252+00:00,20260714T152127Z
2024-11-18,74.35,69.46,EIA,2026-07-14T15:21:30.068252+00:00,20260714T152127Z
2024-11-19,74.32,69.75,EIA,2026-07-14T15:21:30.068252+00:00,20260714T152127Z
2024-11-20,74.33,69.25,EIA,2026-07-14T15:21:30.068252+00:00,20260714T152127Z
2024-11-21,75.09,70.39,EIA,2026-07-14T15:21:30.068252+00:00,20260714T152127Z
2024-11-22,76.1,71.68,EIA,2026-07-14T15:21:30.068252+00:00,20260714T152127Z
2024-11-25,74.27,69.41,EIA,2026-07-14T15:21:30.068252+00:00,20260714T152127Z
2024-11-26,74.56,69.05,EIA,2026-07-14T15:21:30.068252+00:00,20260714T152127Z
2024-11-27,73.91,69.03,EIA,2026-07-14T15:21:30.068252+00:00,20260714T152127Z
2024-11-28,73.92,,EIA,2026-07-14T15:21:30.068252+00:00,20260714T152127Z
2024-11-29,74.16,68.26,EIA,2026-07-14T15:21:30.068252+00:00,20260714T152127Z
2024-12-02,72.81,68.35,EIA,2026-07-14T15:21:30.068252+00:00,20260714T152127Z
2024-12-03,74.8,70.15,EIA,2026-07-14T15:21:30.068252+00:00,20260714T152127Z
2024-12-04,74.68,68.81,EIA,2026-07-14T15:21:30.068252+00:00,20260714T152127Z
2024-12-05,73.78,68.58,EIA,2026-07-14T15:21:30.068252+00:00,20260714T152127Z
2024-12-06,73.78,68.58,EIA,2026-07-14T15:21:30.068252+00:00,20260714T152127Z
2024-12-09,73.73,68.65,EIA,2026-07-14T15:21:30.068252+00:00,20260714T152127Z
2024-12-10,73.64,68.85,EIA,2026-07-14T15:21:30.068252+00:00,20260714T152127Z
2024-12-11,74.38,70.57,EIA,2026-07-14T15:21:30.068252+00:00,20260714T152127Z
2024-12-12,73.52,70.25,EIA,2026-07-14T15:21:30.068252+00:00,20260714T152127Z
2024-12-13,74.89,71.54,EIA,2026-07-14T15:21:30.068252+00:00,20260714T152127Z
2024-12-16,74.3,71.03,EIA,2026-07-14T15:21:30.068252+00:00,20260714T152127Z
2024-12-17,73.16,70.31,EIA,2026-07-14T15:21:30.068252+00:00,20260714T152127Z
2024-12-18,74.57,70.8,EIA,2026-07-14T15:21:30.068252+00:00,20260714T152127Z
2024-12-19,73.75,70.1,EIA,2026-07-14T15:21:30.068252+00:00,20260714T152127Z
2024-12-20,73.19,69.71,EIA,2026-07-14T15:21:30.068252+00:00,20260714T152127Z
2024-12-23,72.12,69.5,EIA,2026-07-14T15:21:30.068252+00:00,20260714T152127Z
2024-12-24,73.5,70.87,EIA,2026-07-14T15:21:30.068252+00:00,20260714T152127Z
2024-12-25,73.5,,EIA,2026-07-14T15:21:30.068252+00:00,20260714T152127Z
2024-12-26,,70.38,EIA,2026-07-14T15:21:30.068252+00:00,20260714T152127Z
2024-12-27,73.77,71.28,EIA,2026-07-14T15:21:30.068252+00:00,20260714T152127Z
2024-12-30,74.24,71.73,EIA,2026-07-14T15:21:30.068252+00:00,20260714T152127Z
2024-12-31,74.58,72.44,EIA,2026-07-14T15:21:30.068252+00:00,20260714T152127Z
2025-01-02,76.14,73.79,EIA,2026-07-14T15:21:30.068252+00:00,20260714T152127Z
2025-01-03,76.72,74.64,EIA,2026-07-14T15:21:30.068252+00:00,20260714T152127Z
2025-01-06,77.27,74.31,EIA,2026-07-14T15:21:30.068252+00:00,20260714T152127Z
2025-01-07,77.84,74.99,EIA,2026-07-14T15:21:30.068252+00:00,20260714T152127Z
2025-01-08,77.37,73.99,EIA,2026-07-14T15:21:30.068252+00:00,20260714T152127Z
2025-01-09,78.44,,EIA,2026-07-14T15:21:30.068252+00:00,20260714T152127Z
2025-01-10,79.76,77.27,EIA,2026-07-14T15:21:30.068252+00:00,20260714T152127Z
2025-01-13,82.69,79.57,EIA,2026-07-14T15:21:30.068252+00:00,20260714T152127Z
2025-01-14,82.39,78.2,EIA,2026-07-14T15:21:30.068252+00:00,20260714T152127Z
2025-01-15,83.48,80.73,EIA,2026-07-14T15:21:30.068252+00:00,20260714T152127Z
2025-01-16,82.39,79.35,EIA,2026-07-14T15:21:30.068252+00:00,20260714T152127Z
2025-01-17,83.02,78.56,EIA,2026-07-14T15:21:30.068252+00:00,20260714T152127Z
2025-01-20,81.68,,EIA,2026-07-14T15:21:30.068252+00:00,20260714T152127Z
2025-01-21,80.57,76.79,EIA,2026-07-14T15:21:30.068252+00:00,20260714T152127Z
2025-01-22,80.0,76.12,EIA,2026-07-14T15:21:30.068252+00:00,20260714T152127Z
2025-01-23,78.62,75.03,EIA,2026-07-14T15:21:30.068252+00:00,20260714T152127Z
2025-01-24,78.71,74.97,EIA,2026-07-14T15:21:30.068252+00:00,20260714T152127Z
2025-01-27,77.3,73.51,EIA,2026-07-14T15:21:30.068252+00:00,20260714T152127Z
2025-01-28,78.01,74.15,EIA,2026-07-14T15:21:30.068252+00:00,20260714T152127Z
2025-01-29,77.02,72.94,EIA,2026-07-14T15:21:30.068252+00:00,20260714T152127Z
2025-01-30,77.42,73.1,EIA,2026-07-14T15:21:30.068252+00:00,20260714T152127Z
2025-01-31,77.11,72.84,EIA,2026-07-14T15:21:30.068252+00:00,20260714T152127Z
2025-02-03,76.49,73.52,EIA,2026-07-14T15:21:30.068252+00:00,20260714T152127Z
2025-02-04,76.58,73.04,EIA,2026-07-14T15:21:30.068252+00:00,20260714T152127Z
2025-02-05,74.71,71.39,EIA,2026-07-14T15:21:30.068252+00:00,20260714T152127Z
2025-02-06,74.54,70.97,EIA,2026-07-14T15:21:30.068252+00:00,20260714T152127Z
2025-02-07,74.68,71.32,EIA,2026-07-14T15:21:30.068252+00:00,20260714T152127Z
2025-02-10,76.23,72.73,EIA,2026-07-14T15:21:30.068252+00:00,20260714T152127Z
2025-02-11,77.65,73.67,EIA,2026-07-14T15:21:30.068252+00:00,20260714T152127Z
2025-02-12,75.38,71.72,EIA,2026-07-14T15:21:30.068252+00:00,20260714T152127Z
2025-02-13,75.61,71.66,EIA,2026-07-14T15:21:30.068252+00:00,20260714T152127Z
2025-02-14,75.19,71.05,EIA,2026-07-14T15:21:30.068252+00:00,20260714T152127Z
2025-02-17,75.81,,EIA,2026-07-14T15:21:30.068252+00:00,20260714T152127Z
2025-02-18,76.46,72.21,EIA,2026-07-14T15:21:30.068252+00:00,20260714T152127Z
2025-02-19,76.34,72.58,EIA,2026-07-14T15:21:30.068252+00:00,20260714T152127Z
2025-02-20,76.95,72.88,EIA,2026-07-14T15:21:30.068252+00:00,20260714T152127Z
2025-02-21,74.88,70.72,EIA,2026-07-14T15:21:30.068252+00:00,20260714T152127Z
2025-02-24,74.89,71.06,EIA,2026-07-14T15:21:30.068252+00:00,20260714T152127Z
2025-02-25,73.11,69.15,EIA,2026-07-14T15:21:30.068252+00:00,20260714T152127Z
2025-02-26,73.49,68.87,EIA,2026-07-14T15:21:30.068252+00:00,20260714T152127Z
2025-02-27,75.01,70.62,EIA,2026-07-14T15:21:30.068252+00:00,20260714T152127Z
2025-02-28,74.76,69.97,EIA,2026-07-14T15:21:30.068252+00:00,20260714T152127Z
2025-03-03,72.85,68.63,EIA,2026-07-14T15:21:30.068252+00:00,20260714T152127Z
2025-03-04,72.31,68.47,EIA,2026-07-14T15:21:30.068252+00:00,20260714T152127Z
2025-03-05,70.92,66.58,EIA,2026-07-14T15:21:30.068252+00:00,20260714T152127Z
2025-03-06,71.08,66.62,EIA,2026-07-14T15:21:30.068252+00:00,20260714T152127Z
2025-03-07,72.49,67.29,EIA,2026-07-14T15:21:30.068252+00:00,20260714T152127Z
2025-03-10,71.08,66.31,EIA,2026-07-14T15:21:30.068252+00:00,20260714T152127Z
2025-03-11,71.51,66.52,EIA,2026-07-14T15:21:30.068252+00:00,20260714T152127Z
2025-03-12,72.36,67.65,EIA,2026-07-14T15:21:30.068252+00:00,20260714T152127Z
2025-03-13,70.82,66.82,EIA,2026-07-14T15:21:30.068252+00:00,20260714T152127Z
2025-03-14,71.94,67.43,EIA,2026-07-14T15:21:30.068252+00:00,20260714T152127Z
2025-03-17,71.93,67.84,EIA,2026-07-14T15:21:30.068252+00:00,20260714T152127Z
2025-03-18,71.93,67.49,EIA,2026-07-14T15:21:30.068252+00:00,20260714T152127Z
2025-03-19,71.94,67.4,EIA,2026-07-14T15:21:30.068252+00:00,20260714T152127Z
2025-03-20,72.61,68.55,EIA,2026-07-14T15:21:30.068252+00:00,20260714T152127Z
2025-03-21,72.64,68.52,EIA,2026-07-14T15:21:30.068252+00:00,20260714T152127Z
2025-03-24,73.96,69.46,EIA,2026-07-14T15:21:30.068252+00:00,20260714T152127Z
2025-03-25,73.78,69.48,EIA,2026-07-14T15:21:30.068252+00:00,20260714T152127Z
2025-03-26,74.6,70.05,EIA,2026-07-14T15:21:30.068252+00:00,20260714T152127Z
2025-03-27,74.72,70.3,EIA,2026-07-14T15:21:30.068252+00:00,20260714T152127Z
2025-03-28,74.69,69.74,EIA,2026-07-14T15:21:30.068252+00:00,20260714T152127Z
2025-03-31,77.23,71.87,EIA,2026-07-14T15:21:30.068252+00:00,20260714T152127Z
2025-04-01,77.78,71.61,EIA,2026-07-14T15:21:30.068252+00:00,20260714T152127Z
2025-04-02,77.27,72.12,EIA,2026-07-14T15:21:30.068252+00:00,20260714T152127Z
2025-04-03,72.54,67.43,EIA,2026-07-14T15:21:30.068252+00:00,20260714T152127Z
2025-04-04,68.36,62.42,EIA,2026-07-14T15:21:30.068252+00:00,20260714T152127Z
2025-04-07,66.13,61.05,EIA,2026-07-14T15:21:30.068252+00:00,20260714T152127Z
2025-04-08,64.86,60.04,EIA,2026-07-14T15:21:30.068252+00:00,20260714T152127Z
2025-04-09,67.3,62.63,EIA,2026-07-14T15:21:30.068252+00:00,20260714T152127Z
2025-04-10,65.37,60.57,EIA,2026-07-14T15:21:30.068252+00:00,20260714T152127Z
2025-04-11,66.83,61.91,EIA,2026-07-14T15:21:30.068252+00:00,20260714T152127Z
2025-04-14,67.18,61.99,EIA,2026-07-14T15:21:30.068252+00:00,20260714T152127Z
2025-04-15,66.58,61.74,EIA,2026-07-14T15:21:30.068252+00:00,20260714T152127Z
2025-04-16,67.94,62.88,EIA,2026-07-14T15:21:30.068252+00:00,20260714T152127Z
2025-04-17,69.33,65.07,EIA,2026-07-14T15:21:30.068252+00:00,20260714T152127Z
2025-04-21,,63.48,EIA,2026-07-14T15:21:30.068252+00:00,20260714T152127Z
2025-04-22,68.93,64.6,EIA,2026-07-14T15:21:30.068252+00:00,20260714T152127Z
2025-04-23,68.26,62.64,EIA,2026-07-14T15:21:30.068252+00:00,20260714T152127Z
2025-04-24,67.5,63.55,EIA,2026-07-14T15:21:30.068252+00:00,20260714T152127Z
2025-04-25,66.99,63.85,EIA,2026-07-14T15:21:30.068252+00:00,20260714T152127Z
2025-04-28,66.13,63.3,EIA,2026-07-14T15:21:30.068252+00:00,20260714T152127Z
2025-04-29,64.04,61.84,EIA,2026-07-14T15:21:30.068252+00:00,20260714T152127Z
2025-04-30,63.37,59.55,EIA,2026-07-14T15:21:30.068252+00:00,20260714T152127Z
2025-05-01,62.37,60.59,EIA,2026-07-14T15:21:30.068252+00:00,20260714T152127Z
2025-05-02,61.57,59.67,EIA,2026-07-14T15:21:30.068252+00:00,20260714T152127Z
2025-05-05,,58.5,EIA,2026-07-14T15:21:30.068252+00:00,20260714T152127Z
2025-05-06,62.37,60.42,EIA,2026-07-14T15:21:30.068252+00:00,20260714T152127Z
2025-05-07,60.31,59.42,EIA,2026-07-14T15:21:30.068252+00:00,20260714T152127Z
2025-05-08,62.22,61.25,EIA,2026-07-14T15:21:30.068252+00:00,20260714T152127Z
2025-05-09,64.26,62.37,EIA,2026-07-14T15:21:30.068252+00:00,20260714T152127Z
2025-05-12,65.28,63.32,EIA,2026-07-14T15:21:30.068252+00:00,20260714T152127Z
2025-05-13,66.93,65.04,EIA,2026-07-14T15:21:30.068252+00:00,20260714T152127Z
2025-05-14,65.91,64.48,EIA,2026-07-14T15:21:30.068252+00:00,20260714T152127Z
2025-05-15,64.36,63.03,EIA,2026-07-14T15:21:30.068252+00:00,20260714T152127Z
2025-05-16,65.2,63.84,EIA,2026-07-14T15:21:30.068252+00:00,20260714T152127Z
2025-05-19,66.25,63.98,EIA,2026-07-14T15:21:30.068252+00:00,20260714T152127Z
2025-05-20,66.93,63.97,EIA,2026-07-14T15:21:30.068252+00:00,20260714T152127Z
2025-05-21,65.86,62.93,EIA,2026-07-14T15:21:30.068252+00:00,20260714T152127Z
2025-05-22,64.87,62.55,EIA,2026-07-14T15:21:30.068252+00:00,20260714T152127Z
2025-05-23,65.41,62.89,EIA,2026-07-14T15:21:30.068252+00:00,20260714T152127Z
2025-05-27,64.32,61.61,EIA,2026-07-14T15:21:30.068252+00:00,20260714T152127Z
2025-05-28,65.72,62.54,EIA,2026-07-14T15:21:30.068252+00:00,20260714T152127Z
2025-05-29,64.6,61.66,EIA,2026-07-14T15:21:30.068252+00:00,20260714T152127Z
2025-05-30,64.32,61.46,EIA,2026-07-14T15:21:30.068252+00:00,20260714T152127Z
2025-06-02,66.55,63.27,EIA,2026-07-14T15:21:30.068252+00:00,20260714T152127Z
2025-06-03,67.48,64.1,EIA,2026-07-14T15:21:30.068252+00:00,20260714T152127Z
2025-06-04,66.69,63.57,EIA,2026-07-14T15:21:30.068252+00:00,20260714T152127Z
2025-06-05,67.14,64.06,EIA,2026-07-14T15:21:30.068252+00:00,20260714T152127Z
2025-06-06,68.02,65.3,EIA,2026-07-14T15:21:30.068252+00:00,20260714T152127Z
2025-06-09,68.73,65.99,EIA,2026-07-14T15:21:30.068252+00:00,20260714T152127Z
2025-06-10,68.41,65.66,EIA,2026-07-14T15:21:30.068252+00:00,20260714T152127Z
2025-06-11,71.29,68.91,EIA,2026-07-14T15:21:30.068252+00:00,20260714T152127Z
2025-06-12,70.84,68.73,EIA,2026-07-14T15:21:30.068252+00:00,20260714T152127Z
2025-06-13,76.0,73.84,EIA,2026-07-14T15:21:30.068252+00:00,20260714T152127Z
2025-06-16,75.05,72.53,EIA,2026-07-14T15:21:30.068252+00:00,20260714T152127Z
2025-06-17,78.7,75.62,EIA,2026-07-14T15:21:30.068252+00:00,20260714T152127Z
2025-06-18,78.38,75.89,EIA,2026-07-14T15:21:30.068252+00:00,20260714T152127Z
2025-06-19,80.37,,EIA,2026-07-14T15:21:30.068252+00:00,20260714T152127Z
2025-06-20,78.73,75.72,EIA,2026-07-14T15:21:30.068252+00:00,20260714T152127Z
2025-06-23,74.34,69.36,EIA,2026-07-14T15:21:30.068252+00:00,20260714T152127Z
2025-06-24,69.13,65.45,EIA,2026-07-14T15:21:30.068252+00:00,20260714T152127Z
2025-06-25,68.4,65.98,EIA,2026-07-14T15:21:30.068252+00:00,20260714T152127Z
2025-06-26,68.57,66.44,EIA,2026-07-14T15:21:30.068252+00:00,20260714T152127Z
2025-06-27,69.37,66.66,EIA,2026-07-14T15:21:30.068252+00:00,20260714T152127Z
2025-06-30,68.15,66.3,EIA,2026-07-14T15:21:30.068252+00:00,20260714T152127Z
2025-07-01,67.63,66.64,EIA,2026-07-14T15:21:30.068252+00:00,20260714T152127Z
2025-07-02,70.8,68.66,EIA,2026-07-14T15:21:30.068252+00:00,20260714T152127Z
2025-07-03,70.42,68.13,EIA,2026-07-14T15:21:30.068252+00:00,20260714T152127Z
2025-07-04,71.03,,EIA,2026-07-14T15:21:30.068252+00:00,20260714T152127Z
2025-07-07,71.95,69.16,EIA,2026-07-14T15:21:30.068252+00:00,20260714T152127Z
2025-07-08,72.5,69.55,EIA,2026-07-14T15:21:30.068252+00:00,20260714T152127Z
2025-07-09,71.98,69.61,EIA,2026-07-14T15:21:30.068252+00:00,20260714T152127Z
2025-07-10,70.38,67.78,EIA,2026-07-14T15:21:30.068252+00:00,20260714T152127Z
2025-07-11,72.06,69.63,EIA,2026-07-14T15:21:30.068252+00:00,20260714T152127Z
2025-07-14,70.96,68.19,EIA,2026-07-14T15:21:30.068252+00:00,20260714T152127Z
2025-07-15,70.27,67.76,EIA,2026-07-14T15:21:30.068252+00:00,20260714T152127Z
2025-07-16,69.67,67.13,EIA,2026-07-14T15:21:30.068252+00:00,20260714T152127Z
2025-07-17,71.32,68.76,EIA,2026-07-14T15:21:30.068252+00:00,20260714T152127Z
2025-07-18,71.06,68.53,EIA,2026-07-14T15:21:30.068252+00:00,20260714T152127Z
2025-07-21,71.92,68.39,EIA,2026-07-14T15:21:30.068252+00:00,20260714T152127Z
2025-07-22,69.69,67.56,EIA,2026-07-14T15:21:30.068252+00:00,20260714T152127Z
2025-07-23,69.17,66.05,EIA,2026-07-14T15:21:30.068252+00:00,20260714T152127Z
2025-07-24,70.42,67.16,EIA,2026-07-14T15:21:30.068252+00:00,20260714T152127Z
2025-07-25,69.23,66.38,EIA,2026-07-14T15:21:30.068252+00:00,20260714T152127Z
2025-07-28,70.87,67.81,EIA,2026-07-14T15:21:30.068252+00:00,20260714T152127Z
2025-07-29,73.21,70.27,EIA,2026-07-14T15:21:30.068252+00:00,20260714T152127Z
2025-07-30,73.98,71.09,EIA,2026-07-14T15:21:30.068252+00:00,20260714T152127Z
2025-07-31,73.43,70.36,EIA,2026-07-14T15:21:30.068252+00:00,20260714T152127Z
2025-08-01,70.55,68.39,EIA,2026-07-14T15:21:30.068252+00:00,20260714T152127Z
2025-08-04,69.56,67.33,EIA,2026-07-14T15:21:30.068252+00:00,20260714T152127Z
2025-08-05,69.14,66.2,EIA,2026-07-14T15:21:30.068252+00:00,20260714T152127Z
2025-08-06,67.97,65.38,EIA,2026-07-14T15:21:30.068252+00:00,20260714T152127Z
2025-08-07,66.99,64.9,EIA,2026-07-14T15:21:30.068252+00:00,20260714T152127Z
2025-08-08,67.17,64.94,EIA,2026-07-14T15:21:30.068252+00:00,20260714T152127Z
2025-08-11,67.36,65.03,EIA,2026-07-14T15:21:30.068252+00:00,20260714T152127Z
2025-08-12,66.8,64.22,EIA,2026-07-14T15:21:30.068252+00:00,20260714T152127Z
2025-08-13,66.25,63.68,EIA,2026-07-14T15:21:30.068252+00:00,20260714T152127Z
2025-08-14,68.12,64.99,EIA,2026-07-14T15:21:30.068252+00:00,20260714T152127Z
2025-08-15,67.3,63.78,EIA,2026-07-14T15:21:30.068252+00:00,20260714T152127Z
2025-08-18,68.18,64.51,EIA,2026-07-14T15:21:30.068252+00:00,20260714T152127Z
2025-08-19,66.62,63.38,EIA,2026-07-14T15:21:30.068252+00:00,20260714T152127Z
2025-08-20,67.61,64.19,EIA,2026-07-14T15:21:30.068252+00:00,20260714T152127Z
2025-08-21,68.41,64.56,EIA,2026-07-14T15:21:30.068252+00:00,20260714T152127Z
2025-08-22,68.29,64.08,EIA,2026-07-14T15:21:30.068252+00:00,20260714T152127Z
2025-08-25,,65.18,EIA,2026-07-14T15:21:30.068252+00:00,20260714T152127Z
2025-08-26,66.89,63.6,EIA,2026-07-14T15:21:30.068252+00:00,20260714T152127Z
2025-08-27,67.75,64.49,EIA,2026-07-14T15:21:30.068252+00:00,20260714T152127Z
2025-08-28,68.61,64.96,EIA,2026-07-14T15:21:30.068252+00:00,20260714T152127Z
2025-08-29,67.83,64.36,EIA,2026-07-14T15:21:30.068252+00:00,20260714T152127Z
2025-09-01,67.09,,EIA,2026-07-14T15:21:30.068252+00:00,20260714T152127Z
2025-09-02,68.09,65.95,EIA,2026-07-14T15:21:30.068252+00:00,20260714T152127Z
2025-09-03,67.76,64.36,EIA,2026-07-14T15:21:30.068252+00:00,20260714T152127Z
2025-09-04,66.41,63.81,EIA,2026-07-14T15:21:30.068252+00:00,20260714T152127Z
2025-09-05,64.92,62.22,EIA,2026-07-14T15:21:30.068252+00:00,20260714T152127Z
2025-09-08,65.44,62.6,EIA,2026-07-14T15:21:30.068252+00:00,20260714T152127Z
2025-09-09,67.97,62.97,EIA,2026-07-14T15:21:30.068252+00:00,20260714T152127Z
2025-09-10,67.62,64.01,EIA,2026-07-14T15:21:30.068252+00:00,20260714T152127Z
2025-09-11,67.25,62.71,EIA,2026-07-14T15:21:30.068252+00:00,20260714T152127Z
2025-09-12,67.87,63.02,EIA,2026-07-14T15:21:30.068252+00:00,20260714T152127Z
2025-09-15,67.88,63.66,EIA,2026-07-14T15:21:30.068252+00:00,20260714T152127Z
2025-09-16,69.69,64.89,EIA,2026-07-14T15:21:30.068252+00:00,20260714T152127Z
2025-09-17,69.19,64.41,EIA,2026-07-14T15:21:30.068252+00:00,20260714T152127Z
2025-09-18,67.83,63.91,EIA,2026-07-14T15:21:30.068252+00:00,20260714T152127Z
2025-09-19,67.05,63.02,EIA,2026-07-14T15:21:30.068252+00:00,20260714T152127Z
2025-09-22,66.87,62.99,EIA,2026-07-14T15:21:30.068252+00:00,20260714T152127Z
2025-09-23,67.96,63.76,EIA,2026-07-14T15:21:30.068252+00:00,20260714T152127Z
2025-09-24,69.64,65.4,EIA,2026-07-14T15:21:30.068252+00:00,20260714T152127Z
2025-09-25,70.48,65.51,EIA,2026-07-14T15:21:30.068252+00:00,20260714T152127Z
2025-09-26,71.15,66.5,EIA,2026-07-14T15:21:30.068252+00:00,20260714T152127Z
2025-09-29,69.0,64.27,EIA,2026-07-14T15:21:30.068252+00:00,20260714T152127Z
2025-09-30,68.52,63.17,EIA,2026-07-14T15:21:30.068252+00:00,20260714T152127Z
2025-10-01,66.67,62.59,EIA,2026-07-14T15:21:30.068252+00:00,20260714T152127Z
2025-10-02,65.44,61.28,EIA,2026-07-14T15:21:30.068252+00:00,20260714T152127Z
2025-10-03,66.13,61.65,EIA,2026-07-14T15:21:30.068252+00:00,20260714T152127Z
2025-10-06,67.09,62.49,EIA,2026-07-14T15:21:30.068252+00:00,20260714T152127Z
2025-10-07,67.1,62.52,EIA,2026-07-14T15:21:30.068252+00:00,20260714T152127Z
2025-10-08,67.42,63.37,EIA,2026-07-14T15:21:30.068252+00:00,20260714T152127Z
2025-10-09,67.23,62.36,EIA,2026-07-14T15:21:30.068252+00:00,20260714T152127Z
2025-10-10,64.41,59.75,EIA,2026-07-14T15:21:30.068252+00:00,20260714T152127Z
2025-10-13,64.15,,EIA,2026-07-14T15:21:30.068252+00:00,20260714T152127Z
2025-10-14,63.0,59.52,EIA,2026-07-14T15:21:30.068252+00:00,20260714T152127Z
2025-10-15,62.33,59.08,EIA,2026-07-14T15:21:30.068252+00:00,20260714T152127Z
2025-10-16,61.08,58.29,EIA,2026-07-14T15:21:30.068252+00:00,20260714T152127Z
2025-10-17,61.23,58.3,EIA,2026-07-14T15:21:30.068252+00:00,20260714T152127Z
2025-10-20,60.71,58.34,EIA,2026-07-14T15:21:30.068252+00:00,20260714T152127Z
2025-10-21,61.0,58.66,EIA,2026-07-14T15:21:30.068252+00:00,20260714T152127Z
2025-10-22,62.28,59.3,EIA,2026-07-14T15:21:30.068252+00:00,20260714T152127Z
2025-10-23,66.32,62.44,EIA,2026-07-14T15:21:30.068252+00:00,20260714T152127Z
2025-10-24,65.8,62.27,EIA,2026-07-14T15:21:30.068252+00:00,20260714T152127Z
2025-10-27,65.52,62.13,EIA,2026-07-14T15:21:30.068252+00:00,20260714T152127Z
2025-10-28,64.03,60.97,EIA,2026-07-14T15:21:30.068252+00:00,20260714T152127Z
2025-10-29,65.01,61.26,EIA,2026-07-14T15:21:30.068252+00:00,20260714T152127Z
2025-10-30,65.11,61.36,EIA,2026-07-14T15:21:30.068252+00:00,20260714T152127Z
2025-10-31,65.44,61.75,EIA,2026-07-14T15:21:30.068252+00:00,20260714T152127Z
2025-11-03,65.79,61.79,EIA,2026-07-14T15:21:30.068252+00:00,20260714T152127Z
2025-11-04,65.04,61.38,EIA,2026-07-14T15:21:30.068252+00:00,20260714T152127Z
2025-11-05,63.54,60.4,EIA,2026-07-14T15:21:30.068252+00:00,20260714T152127Z
2025-11-06,63.41,60.24,EIA,2026-07-14T15:21:30.068252+00:00,20260714T152127Z
2025-11-07,63.72,60.54,EIA,2026-07-14T15:21:30.068252+00:00,20260714T152127Z
2025-11-10,63.01,60.94,EIA,2026-07-14T15:21:30.068252+00:00,20260714T152127Z
2025-11-11,63.86,,EIA,2026-07-14T15:21:30.068252+00:00,20260714T152127Z
2025-11-12,61.88,59.3,EIA,2026-07-14T15:21:30.068252+00:00,20260714T152127Z
2025-11-13,62.14,59.54,EIA,2026-07-14T15:21:30.068252+00:00,20260714T152127Z
2025-11-14,63.45,60.87,EIA,2026-07-14T15:21:30.068252+00:00,20260714T152127Z
2025-11-17,63.16,60.66,EIA,2026-07-14T15:21:30.068252+00:00,20260714T152127Z
2025-11-18,64.86,61.51,EIA,2026-07-14T15:21:30.068252+00:00,20260714T152127Z
2025-11-19,63.78,60.27,EIA,2026-07-14T15:21:30.068252+00:00,20260714T152127Z
2025-11-20,63.64,60.07,EIA,2026-07-14T15:21:30.068252+00:00,20260714T152127Z
2025-11-21,62.78,58.86,EIA,2026-07-14T15:21:30.068252+00:00,20260714T152127Z
2025-11-24,64.83,59.11,EIA,2026-07-14T15:21:30.068252+00:00,20260714T152127Z
2025-11-25,63.99,58.25,EIA,2026-07-14T15:21:30.068252+00:00,20260714T152127Z
2025-11-26,64.81,58.81,EIA,2026-07-14T15:21:30.068252+00:00,20260714T152127Z
2025-11-27,64.18,,EIA,2026-07-14T15:21:30.068252+00:00,20260714T152127Z
2025-11-28,64.07,58.58,EIA,2026-07-14T15:21:30.068252+00:00,20260714T152127Z
2025-12-01,64.22,59.47,EIA,2026-07-14T15:21:30.068252+00:00,20260714T152127Z
2025-12-02,63.37,58.81,EIA,2026-07-14T15:21:30.068252+00:00,20260714T152127Z
2025-12-03,63.75,59.09,EIA,2026-07-14T15:21:30.068252+00:00,20260714T152127Z
2025-12-04,64.15,59.82,EIA,2026-07-14T15:21:30.068252+00:00,20260714T152127Z
2025-12-05,64.42,60.23,EIA,2026-07-14T15:21:30.068252+00:00,20260714T152127Z
2025-12-08,63.3,59.04,EIA,2026-07-14T15:21:30.068252+00:00,20260714T152127Z
2025-12-09,62.62,58.4,EIA,2026-07-14T15:21:30.068252+00:00,20260714T152127Z
2025-12-10,63.12,58.67,EIA,2026-07-14T15:21:30.068252+00:00,20260714T152127Z
2025-12-11,61.87,57.76,EIA,2026-07-14T15:21:30.068252+00:00,20260714T152127Z
2025-12-12,62.11,57.61,EIA,2026-07-14T15:21:30.068252+00:00,20260714T152127Z
2025-12-15,61.55,56.97,EIA,2026-07-14T15:21:30.068252+00:00,20260714T152127Z
2025-12-16,59.93,55.44,EIA,2026-07-14T15:21:30.068252+00:00,20260714T152127Z
2025-12-17,60.61,56.07,EIA,2026-07-14T15:21:30.068252+00:00,20260714T152127Z
2025-12-18,60.69,56.22,EIA,2026-07-14T15:21:30.068252+00:00,20260714T152127Z
2025-12-19,61.35,56.8,EIA,2026-07-14T15:21:30.068252+00:00,20260714T152127Z
2025-12-22,62.22,58.18,EIA,2026-07-14T15:21:30.068252+00:00,20260714T152127Z
2025-12-23,63.7,58.55,EIA,2026-07-14T15:21:30.068252+00:00,20260714T152127Z
2025-12-24,63.7,58.72,EIA,2026-07-14T15:21:30.068252+00:00,20260714T152127Z
2025-12-26,,56.6,EIA,2026-07-14T15:21:30.068252+00:00,20260714T152127Z
2025-12-29,63.1,57.89,EIA,2026-07-14T15:21:30.068252+00:00,20260714T152127Z
2025-12-30,62.3,57.79,EIA,2026-07-14T15:21:30.068252+00:00,20260714T152127Z
2025-12-31,61.35,57.26,EIA,2026-07-14T15:21:30.068252+00:00,20260714T152127Z
2026-01-02,61.98,57.21,EIA,2026-07-14T15:21:30.068252+00:00,20260714T152127Z
2026-01-05,63.0,58.1,EIA,2026-07-14T15:21:30.068252+00:00,20260714T152127Z
2026-01-06,62.1,56.97,EIA,2026-07-14T15:21:30.068252+00:00,20260714T152127Z
2026-01-07,61.08,56.01,EIA,2026-07-14T15:21:30.068252+00:00,20260714T152127Z
2026-01-08,63.34,57.74,EIA,2026-07-14T15:21:30.068252+00:00,20260714T152127Z
2026-01-09,65.11,58.96,EIA,2026-07-14T15:21:30.068252+00:00,20260714T152127Z
2026-01-12,65.4,59.39,EIA,2026-07-14T15:21:30.068252+00:00,20260714T152127Z
2026-01-13,67.58,60.85,EIA,2026-07-14T15:21:30.068252+00:00,20260714T152127Z
2026-01-14,68.87,61.84,EIA,2026-07-14T15:21:30.068252+00:00,20260714T152127Z
2026-01-15,66.16,59.13,EIA,2026-07-14T15:21:30.068252+00:00,20260714T152127Z
2026-01-16,66.97,59.4,EIA,2026-07-14T15:21:30.068252+00:00,20260714T152127Z
2026-01-19,66.91,,EIA,2026-07-14T15:21:30.068252+00:00,20260714T152127Z
2026-01-20,67.68,60.3,EIA,2026-07-14T15:21:30.068252+00:00,20260714T152127Z
2026-01-21,66.72,60.38,EIA,2026-07-14T15:21:30.068252+00:00,20260714T152127Z
2026-01-22,65.46,59.24,EIA,2026-07-14T15:21:30.068252+00:00,20260714T152127Z
2026-01-23,68.16,60.7,EIA,2026-07-14T15:21:30.068252+00:00,20260714T152127Z
2026-01-26,67.7,60.46,EIA,2026-07-14T15:21:30.068252+00:00,20260714T152127Z
2026-01-27,70.28,62.04,EIA,2026-07-14T15:21:30.068252+00:00,20260714T152127Z
2026-01-28,70.9,62.75,EIA,2026-07-14T15:21:30.068252+00:00,20260714T152127Z
2026-01-29,71.0,64.77,EIA,2026-07-14T15:21:30.068252+00:00,20260714T152127Z
2026-01-30,72.25,64.5,EIA,2026-07-14T15:21:30.068252+00:00,20260714T152127Z
2026-02-02,67.72,61.6,EIA,2026-07-14T15:21:30.068252+00:00,20260714T152127Z
2026-02-03,70.01,62.62,EIA,2026-07-14T15:21:30.068252+00:00,20260714T152127Z
2026-02-04,71.15,64.56,EIA,2026-07-14T15:21:30.068252+00:00,20260714T152127Z
2026-02-05,69.87,62.9,EIA,2026-07-14T15:21:30.068252+00:00,20260714T152127Z
2026-02-06,70.45,63.77,EIA,2026-07-14T15:21:30.068252+00:00,20260714T152127Z
2026-02-09,71.19,64.53,EIA,2026-07-14T15:21:30.068252+00:00,20260714T152127Z
2026-02-10,71.01,64.2,EIA,2026-07-14T15:21:30.068252+00:00,20260714T152127Z
2026-02-11,71.52,64.8,EIA,2026-07-14T15:21:30.068252+00:00,20260714T152127Z
2026-02-12,69.8,63.08,EIA,2026-07-14T15:21:30.068252+00:00,20260714T152127Z
2026-02-13,69.96,63.05,EIA,2026-07-14T15:21:30.068252+00:00,20260714T152127Z
2026-02-16,70.81,,EIA,2026-07-14T15:21:30.068252+00:00,20260714T152127Z
2026-02-17,69.77,62.53,EIA,2026-07-14T15:21:30.068252+00:00,20260714T152127Z
2026-02-18,71.78,65.33,EIA,2026-07-14T15:21:30.068252+00:00,20260714T152127Z
2026-02-19,73.17,66.66,EIA,2026-07-14T15:21:30.068252+00:00,20260714T152127Z
2026-02-20,72.75,66.69,EIA,2026-07-14T15:21:30.068252+00:00,20260714T152127Z
2026-02-23,71.9,66.36,EIA,2026-07-14T15:21:30.068252+00:00,20260714T152127Z
2026-02-24,71.21,65.62,EIA,2026-07-14T15:21:30.068252+00:00,20260714T152127Z
2026-02-25,70.69,65.3,EIA,2026-07-14T15:21:30.068252+00:00,20260714T152127Z
2026-02-26,71.66,65.1,EIA,2026-07-14T15:21:30.068252+00:00,20260714T152127Z
2026-02-27,71.32,66.96,EIA,2026-07-14T15:21:30.068252+00:00,20260714T152127Z
2026-03-02,77.24,71.13,EIA,2026-07-14T15:21:30.068252+00:00,20260714T152127Z
2026-03-03,83.28,74.48,EIA,2026-07-14T15:21:30.068252+00:00,20260714T152127Z
2026-03-04,81.56,74.58,EIA,2026-07-14T15:21:30.068252+00:00,20260714T152127Z
2026-03-05,88.59,80.88,EIA,2026-07-14T15:21:30.068252+00:00,20260714T152127Z
2026-03-06,95.74,90.77,EIA,2026-07-14T15:21:30.068252+00:00,20260714T152127Z
2026-03-09,94.35,94.65,EIA,2026-07-14T15:21:30.068252+00:00,20260714T152127Z
2026-03-10,89.84,83.71,EIA,2026-07-14T15:21:30.068252+00:00,20260714T152127Z
2026-03-11,90.98,86.8,EIA,2026-07-14T15:21:30.068252+00:00,20260714T152127Z
2026-03-12,102.38,95.61,EIA,2026-07-14T15:21:30.068252+00:00,20260714T152127Z
2026-03-13,103.23,98.48,EIA,2026-07-14T15:21:30.068252+00:00,20260714T152127Z
2026-03-16,101.04,93.39,EIA,2026-07-14T15:21:30.068252+00:00,20260714T152127Z
2026-03-17,108.39,96.01,EIA,2026-07-14T15:21:30.068252+00:00,20260714T152127Z
2026-03-18,118.09,96.12,EIA,2026-07-14T15:21:30.068252+00:00,20260714T152127Z
2026-03-19,111.05,96.11,EIA,2026-07-14T15:21:30.068252+00:00,20260714T152127Z
2026-03-20,118.42,98.71,EIA,2026-07-14T15:21:30.068252+00:00,20260714T152127Z
2026-03-23,103.79,89.33,EIA,2026-07-14T15:21:30.068252+00:00,20260714T152127Z
2026-03-24,108.42,93.18,EIA,2026-07-14T15:21:30.068252+00:00,20260714T152127Z
2026-03-25,109.14,91.51,EIA,2026-07-14T15:21:30.068252+00:00,20260714T152127Z
2026-03-26,113.39,96.18,EIA,2026-07-14T15:21:30.068252+00:00,20260714T152127Z
2026-03-27,121.47,101.26,EIA,2026-07-14T15:21:30.068252+00:00,20260714T152127Z
2026-03-30,121.88,104.69,EIA,2026-07-14T15:21:30.068252+00:00,20260714T152127Z
2026-03-31,126.69,102.86,EIA,2026-07-14T15:21:30.068252+00:00,20260714T152127Z
2026-04-01,119.56,101.9,EIA,2026-07-14T15:21:30.068252+00:00,20260714T152127Z
2026-04-02,127.61,113.23,EIA,2026-07-14T15:21:30.068252+00:00,20260714T152127Z
2026-04-06,,114.01,EIA,2026-07-14T15:21:30.068252+00:00,20260714T152127Z
2026-04-07,138.21,114.58,EIA,2026-07-14T15:21:30.068252+00:00,20260714T152127Z
2026-04-08,122.11,96.17,EIA,2026-07-14T15:21:30.068252+00:00,20260714T152127Z
2026-04-09,119.03,99.62,EIA,2026-07-14T15:21:30.068252+00:00,20260714T152127Z
2026-04-10,119.07,98.34,EIA,2026-07-14T15:21:30.068252+00:00,20260714T152127Z
2026-04-13,123.28,100.72,EIA,2026-07-14T15:21:30.068252+00:00,20260714T152127Z
2026-04-14,118.69,93.07,EIA,2026-07-14T15:21:30.068252+00:00,20260714T152127Z
2026-04-15,114.93,93.04,EIA,2026-07-14T15:21:30.068252+00:00,20260714T152127Z
2026-04-16,116.63,96.46,EIA,2026-07-14T15:21:30.068252+00:00,20260714T152127Z
2026-04-17,98.63,85.91,EIA,2026-07-14T15:21:30.068252+00:00,20260714T152127Z
2026-04-20,103.4,91.06,EIA,2026-07-14T15:21:30.068252+00:00,20260714T152127Z
2026-04-21,106.14,93.64,EIA,2026-07-14T15:21:30.068252+00:00,20260714T152127Z
2026-04-22,113.44,94.76,EIA,2026-07-14T15:21:30.068252+00:00,20260714T152127Z
2026-04-23,113.25,99.27,EIA,2026-07-14T15:21:30.068252+00:00,20260714T152127Z
2026-04-24,111.86,98.42,EIA,2026-07-14T15:21:30.068252+00:00,20260714T152127Z
2026-04-27,113.89,99.89,EIA,2026-07-14T15:21:30.068252+00:00,20260714T152127Z
2026-04-28,117.62,103.45,EIA,2026-07-14T15:21:30.068252+00:00,20260714T152127Z
2026-04-29,124.16,110.47,EIA,2026-07-14T15:21:30.068252+00:00,20260714T152127Z
2026-04-30,124.24,108.64,EIA,2026-07-14T15:21:30.068252+00:00,20260714T152127Z
2026-05-01,118.26,105.38,EIA,2026-07-14T15:21:30.068252+00:00,20260714T152127Z
2026-05-04,,109.76,EIA,2026-07-14T15:21:30.068252+00:00,20260714T152127Z
2026-05-05,114.51,105.66,EIA,2026-07-14T15:21:30.068252+00:00,20260714T152127Z
2026-05-06,103.7,98.75,EIA,2026-07-14T15:21:30.068252+00:00,20260714T152127Z
2026-05-07,101.82,98.38,EIA,2026-07-14T15:21:30.068252+00:00,20260714T152127Z
2026-05-08,103.48,98.87,EIA,2026-07-14T15:21:30.068252+00:00,20260714T152127Z
2026-05-11,106.11,101.56,EIA,2026-07-14T15:21:30.068252+00:00,20260714T152127Z
2026-05-12,111.37,105.78,EIA,2026-07-14T15:21:30.068252+00:00,20260714T152127Z
2026-05-13,110.28,104.52,EIA,2026-07-14T15:21:30.068252+00:00,20260714T152127Z
2026-05-14,110.91,104.66,EIA,2026-07-14T15:21:30.068252+00:00,20260714T152127Z
2026-05-15,113.96,108.99,EIA,2026-07-14T15:21:30.068252+00:00,20260714T152127Z
2026-05-18,116.73,112.25,EIA,2026-07-14T15:21:30.068252+00:00,20260714T152127Z
2026-05-19,114.64,112.09,EIA,2026-07-14T15:21:30.068252+00:00,20260714T152127Z
2026-05-20,108.93,101.69,EIA,2026-07-14T15:21:30.068252+00:00,20260714T152127Z
2026-05-21,105.84,100.2,EIA,2026-07-14T15:21:30.068252+00:00,20260714T152127Z
2026-05-22,106.9,100.35,EIA,2026-07-14T15:21:30.068252+00:00,20260714T152127Z
2026-05-26,102.75,97.63,EIA,2026-07-14T15:21:30.068252+00:00,20260714T152127Z
2026-05-27,97.11,92.35,EIA,2026-07-14T15:21:30.068252+00:00,20260714T152127Z
2026-05-28,95.47,92.65,EIA,2026-07-14T15:21:30.068252+00:00,20260714T152127Z
2026-05-29,92.88,91.16,EIA,2026-07-14T15:21:30.068252+00:00,20260714T152127Z
2026-06-01,98.29,95.96,EIA,2026-07-14T15:21:30.068252+00:00,20260714T152127Z
2026-06-02,98.49,97.47,EIA,2026-07-14T15:21:30.068252+00:00,20260714T152127Z
2026-06-03,101.69,99.76,EIA,2026-07-14T15:21:30.068252+00:00,20260714T152127Z
2026-06-04,98.98,96.83,EIA,2026-07-14T15:21:30.068252+00:00,20260714T152127Z
2026-06-05,97.29,94.32,EIA,2026-07-14T15:21:30.068252+00:00,20260714T152127Z
2026-06-08,97.46,95.0,EIA,2026-07-14T15:21:30.068252+00:00,20260714T152127Z
2026-06-09,94.15,91.9,EIA,2026-07-14T15:21:30.068252+00:00,20260714T152127Z
2026-06-10,95.73,93.68,EIA,2026-07-14T15:21:30.068252+00:00,20260714T152127Z
2026-06-11,92.84,91.58,EIA,2026-07-14T15:21:30.068252+00:00,20260714T152127Z
2026-06-12,88.64,88.62,EIA,2026-07-14T15:21:30.068252+00:00,20260714T152127Z
2026-06-15,84.36,84.65,EIA,2026-07-14T15:21:30.068252+00:00,20260714T152127Z
2026-06-16,80.5,79.8,EIA,2026-07-14T15:21:30.068252+00:00,20260714T152127Z
2026-06-17,80.33,80.65,EIA,2026-07-14T15:21:30.068252+00:00,20260714T152127Z
2026-06-18,79.35,80.35,EIA,2026-07-14T15:21:30.068252+00:00,20260714T152127Z
2026-06-19,80.46,,EIA,2026-07-14T15:21:30.068252+00:00,20260714T152127Z
2026-06-22,76.49,78.94,EIA,2026-07-14T15:21:30.068252+00:00,20260714T152127Z
2026-06-23,75.69,74.62,EIA,2026-07-14T15:21:30.068252+00:00,20260714T152127Z
2026-06-24,72.09,71.42,EIA,2026-07-14T15:21:30.068252+00:00,20260714T152127Z
2026-06-25,73.74,72.67,EIA,2026-07-14T15:21:30.068252+00:00,20260714T152127Z
2026-06-26,70.16,70.3,EIA,2026-07-14T15:21:30.068252+00:00,20260714T152127Z
2026-06-29,71.59,71.87,EIA,2026-07-14T15:21:30.068252+00:00,20260714T152127Z
2026-06-30,70.46,70.56,EIA,2026-07-14T15:21:30.068252+00:00,20260714T152127Z
2026-07-01,69.24,69.74,EIA,2026-07-14T15:21:30.068252+00:00,20260714T152127Z
2026-07-02,68.53,69.73,EIA,2026-07-14T15:21:30.068252+00:00,20260714T152127Z
2026-07-03,68.68,,EIA,2026-07-14T15:21:30.068252+00:00,20260714T152127Z
2026-07-06,69.56,69.6,EIA,2026-07-14T15:21:30.068252+00:00,20260714T152127Z
