country_code,country_name,year,gdp_growth_pct,inflation_pct,energy_imports_pct,current_account_pct,oil_rents_pct_gdp,fuel_imports_pct,fuel_exports_pct,hormuz_dependency_score,_source,_fetched_at,_run_id
BHR,Bahrain,1998,,,,,10.6376958646887,,,,WorldBank,2026-07-15T01:51:34.937816+00:00,20260715T015053Z
BHR,Bahrain,1999,,,,,14.7940799756461,,,,WorldBank,2026-07-15T01:51:34.937816+00:00,20260715T015053Z
BHR,Bahrain,2000,,,-97.8255856381815,,18.711078045797,,,,WorldBank,2026-07-15T01:51:34.937816+00:00,20260715T015053Z
BHR,Bahrain,2001,,,-97.3832095945173,,15.0074471454831,,,,WorldBank,2026-07-15T01:51:34.937816+00:00,20260715T015053Z
BHR,Bahrain,2002,3.34855067103268,-0.495540138751154,-94.1956079035712,-0.5173375765393,14.4906538546743,34.4457381067223,69.3664039673791,0.6127,WorldBank,2026-07-15T01:51:34.937816+00:00,20260715T015053Z
BHR,Bahrain,2003,6.29644129075703,1.59362549800787,-88.2314317006482,1.80990381150795,14.9880274040125,37.642896997719,72.5185966870439,0.6279,WorldBank,2026-07-15T01:51:34.937816+00:00,20260715T015053Z
BHR,Bahrain,2004,6.98096175867695,2.35294117647062,-80.5343609637639,3.58610571732871,16.6530213443367,42.9866180504254,75.5437259663915,0.6592,WorldBank,2026-07-15T01:51:34.937816+00:00,20260715T015053Z
BHR,Bahrain,2005,6.76899737789502,2.58620689655173,-60.6273168717627,9.23180920590183,20.0931217396654,46.7246320401478,78.1592802795663,0.6724,WorldBank,2026-07-15T01:51:34.937816+00:00,20260715T015053Z
BHR,Bahrain,2006,6.4669995195042,2.00746965452849,-60.1153040957645,11.8210087744718,20.3670614713082,55.6062809356655,80.5878626999227,0.7211,WorldBank,2026-07-15T01:51:34.937816+00:00,20260715T015053Z
BHR,Bahrain,2007,8.29396129093843,3.25666666666703,-53.5280275603182,13.3758607441787,18.9906048191926,51.9766489493777,80.8287980658625,0.6953,WorldBank,2026-07-15T01:51:34.937816+00:00,20260715T015053Z
BHR,Bahrain,2008,6.24501094995797,3.52600316363721,-45.866587510058,8.77793644624144,21.6815768768211,44.3473641421189,69.062284938086,0.6642,WorldBank,2026-07-15T01:51:34.937816+00:00,20260715T015053Z
BHR,Bahrain,2009,2.53988570158225,2.79551283550412,-54.7283369953977,2.44123386880183,14.4351176966592,44.7088713300535,68.6020433823247,0.6836,WorldBank,2026-07-15T01:51:34.937816+00:00,20260715T015053Z
BHR,Bahrain,2010,4.3342989754845,1.96188468334623,-53.4070568018658,2.8727610009228,17.3156329535965,38.0118400578945,74.3474756294398,0.6399,WorldBank,2026-07-15T01:51:34.937816+00:00,20260715T015053Z
BHR,Bahrain,2011,1.92815791170796,-0.40004069748808,-58.3146936157164,10.855340365152,23.3980559518896,43.8992022454093,71.8441684413074,0.65,WorldBank,2026-07-15T01:51:34.937816+00:00,20260715T015053Z
BHR,Bahrain,2012,3.80302899043062,2.75739669962979,-56.7750937265929,8.06539982681225,20.0940234657871,27.8740228655631,64.1472033708371,0.5571,WorldBank,2026-07-15T01:51:34.937816+00:00,20260715T015053Z
BHR,Bahrain,2013,5.29262224906203,3.30001156888442,-54.383115780032,7.12443578913414,20.8660137007827,46.6028233292088,59.0027891704387,0.6808,WorldBank,2026-07-15T01:51:34.937816+00:00,20260715T015053Z
BHR,Bahrain,2014,4.30885692657077,2.64755321246189,-65.7183801660502,4.38061668747353,18.8709266924557,40.0771249610965,66.8346508823664,0.6436,WorldBank,2026-07-15T01:51:34.937816+00:00,20260715T015053Z
BHR,Bahrain,2015,2.50787205267615,1.84862742374977,-57.3617376243512,-2.31252912932776,9.82474436918962,25.5971238707124,50.3566602372733,0.5758,WorldBank,2026-07-15T01:51:34.937816+00:00,20260715T015053Z
BHR,Bahrain,2016,3.81499327422425,2.78679347602044,-57.2901895719304,-4.40558716045663,7.62960432748572,22.7720210893112,45.0173153136849,0.5645,WorldBank,2026-07-15T01:51:34.937816+00:00,20260715T015053Z
BHR,Bahrain,2017,4.95383534123657,1.38671830576406,-56.809980288761,-4.30051876437292,8.93795259727704,26.1036826511697,50.1771114184211,0.5856,WorldBank,2026-07-15T01:51:34.937816+00:00,20260715T015053Z
BHR,Bahrain,2018,2.05258864979861,2.08766938046978,-53.6005426856606,-6.15289066217848,11.3900811220261,29.7571272507784,53.3203933261076,0.6161,WorldBank,2026-07-15T01:51:34.937816+00:00,20260715T015053Z
BHR,Bahrain,2019,2.05287774418655,1.00582004702137,-53.4306266212537,-1.96409784324041,9.8481886760226,30.3007839596048,42.1282144838203,0.6062,WorldBank,2026-07-15T01:51:34.937816+00:00,20260715T015053Z
BHR,Bahrain,2020,-5.9113629524152,-2.31770629331379,-51.9013900994723,-9.05383693445987,6.69558923237194,19.6094127378928,29.8191901321903,0.5612,WorldBank,2026-07-15T01:51:34.937816+00:00,20260715T015053Z
BHR,Bahrain,2021,4.35004091668986,-0.60631938514085,-50.2263325786432,6.37213530677418,10.9376756365994,2.70462767501478,0.0520982100390362,0.4041,WorldBank,2026-07-15T01:51:34.937816+00:00,20260715T015053Z
BHR,Bahrain,2022,6.18016125475185,3.62574104304482,-45.4751316679306,14.7198235888136,,4.0240764565252,0.0426131887253156,0.3874,WorldBank,2026-07-15T01:51:34.937816+00:00,20260715T015053Z
BHR,Bahrain,2023,3.87811614845566,0.0746206782192256,,5.84398348945118,,3.4449706415015,0.252930709797225,,WorldBank,2026-07-15T01:51:34.937816+00:00,20260715T015053Z
BHR,Bahrain,2024,2.89710543153512,0.919635459817651,,4.83346638041053,,2.59435215586062,0.000371894251415909,,WorldBank,2026-07-15T01:51:34.937816+00:00,20260715T015053Z
BHR,Bahrain,2025,3.48137573668635,-0.137708855447902,,,,,,,WorldBank,2026-07-15T01:51:34.937816+00:00,20260715T015053Z
CHN,China,1998,,,,,0.634591601254742,,,,WorldBank,2026-07-15T01:51:34.937816+00:00,20260715T015053Z
CHN,China,1999,,,,,1.08727720069319,,,,WorldBank,2026-07-15T01:51:34.937816+00:00,20260715T015053Z
CHN,China,2000,,,2.45807505926914,,2.03905175243341,,,,WorldBank,2026-07-15T01:51:34.937816+00:00,20260715T015053Z
CHN,China,2001,,,0.0954125824372545,,1.32058497741337,,,,WorldBank,2026-07-15T01:51:34.937816+00:00,20260715T015053Z
CHN,China,2002,9.23604870383861,-0.731970902350244,1.55077393655025,2.37759984341841,1.24409369454799,6.880289255281,2.59070421728136,0.4631,WorldBank,2026-07-15T01:51:34.937816+00:00,20260715T015053Z
CHN,China,2003,10.1138119025242,1.12760348729637,2.81787719089625,2.55665409110255,1.28559248986066,7.52757140792314,2.5361753489702,0.4672,WorldBank,2026-07-15T01:51:34.937816+00:00,20260715T015053Z
CHN,China,2004,10.1404291872206,3.82463743108159,5.80570745907935,3.47450259619584,1.63506369666261,9.18218994831712,2.44053050133123,0.4759,WorldBank,2026-07-15T01:51:34.937816+00:00,20260715T015053Z
CHN,China,2005,11.4535130030645,1.77641407667571,5.60861584629628,5.71199843031159,2.23061473485701,10.5722384608746,2.31272376664692,0.4775,WorldBank,2026-07-15T01:51:34.937816+00:00,20260715T015053Z
CHN,China,2006,12.6752842281595,1.6494309945586,6.95939640874444,8.30532573537484,2.2255244607283,12.3926833159459,1.83393570516165,0.4813,WorldBank,2026-07-15T01:51:34.937816+00:00,20260715T015053Z
CHN,China,2007,14.1507710506103,4.81676767378834,7.94609861840451,9.79958953536148,1.75983053566581,12.0774574677806,1.71119843888368,0.4749,WorldBank,2026-07-15T01:51:34.937816+00:00,20260715T015053Z
CHN,China,2008,9.66877608164454,5.92525137041092,8.6324519295838,9.01086996317632,1.9902860340032,16.2711291977477,2.2208063178118,0.5045,WorldBank,2026-07-15T01:51:34.937816+00:00,20260715T015053Z
CHN,China,2009,9.40610014336416,-0.728165250932898,12.0784803208113,4.68740638141982,0.899050539990343,13.484738554153,1.69623692345059,0.5019,WorldBank,2026-07-15T01:51:34.937816+00:00,20260715T015053Z
CHN,China,2010,10.5916903885704,3.17532475269199,13.5822901864238,3.8402567341525,1.22257362123247,14.6570367951992,1.69056311409029,0.5127,WorldBank,2026-07-15T01:51:34.937816+00:00,20260715T015053Z
CHN,China,2011,9.46205248298186,5.55389892257493,14.7187375691953,1.77399724587567,1.54520918045373,17.01185965091,1.70007725545848,0.5348,WorldBank,2026-07-15T01:51:34.937816+00:00,20260715T015053Z
CHN,China,2012,7.8578201481217,2.61952432645541,16.5519076203457,2.48328422404794,1.28348679227813,18.6846299600296,1.51374985096957,0.5439,WorldBank,2026-07-15T01:51:34.937816+00:00,20260715T015053Z
CHN,China,2013,7.77842954757257,2.62105001748115,17.3260320088109,1.52111320885029,1.07614082250695,17.5824320123903,1.5294698347956,0.5403,WorldBank,2026-07-15T01:51:34.937816+00:00,20260715T015053Z
CHN,China,2014,7.46100735778161,1.92164162788521,17.5411749363193,2.21130586371267,0.888100390466572,17.4581920006584,1.47061074195033,0.5373,WorldBank,2026-07-15T01:51:34.937816+00:00,20260715T015053Z
CHN,China,2015,6.98162255562367,1.43702380935655,16.7064227414127,2.59752794949746,0.335243616051991,12.9271912758671,1.2272664163092,0.5068,WorldBank,2026-07-15T01:51:34.937816+00:00,20260715T015053Z
CHN,China,2016,6.7736886867727,2.00000182191943,19.1930740055994,1.67018709565352,0.245866848453772,12.0917339150655,1.28100094525523,0.5054,WorldBank,2026-07-15T01:51:34.937816+00:00,20260715T015053Z
CHN,China,2017,6.89123916636191,1.59313600071436,20.4189899878205,1.50488723669316,0.313804041024999,14.5851037046112,1.5635573554021,0.5223,WorldBank,2026-07-15T01:51:34.937816+00:00,20260715T015053Z
CHN,China,2018,6.757806142324,2.07479039965576,21.668746469651,0.170563391928727,0.413038667779282,17.4688169187818,1.86764407076313,0.5455,WorldBank,2026-07-15T01:51:34.937816+00:00,20260715T015053Z
CHN,China,2019,6.06737806333672,2.89923416358227,22.2209738878689,0.619961080716059,0.298457754882779,17.8562823008297,1.87465304454538,0.5468,WorldBank,2026-07-15T01:51:34.937816+00:00,20260715T015053Z
CHN,China,2020,2.33950385203023,2.41942189457782,22.9745721923886,1.49179592498582,0.114304451775114,14.0746971565506,1.2143685449396,0.5201,WorldBank,2026-07-15T01:51:34.937816+00:00,20260715T015053Z
CHN,China,2021,8.57038414981781,0.981015135544882,21.638660726732,1.6339546037037,0.308578757061099,16.0586526598696,1.29170537075172,0.5318,WorldBank,2026-07-15T01:51:34.937816+00:00,20260715T015053Z
CHN,China,2022,3.13385438394069,1.97357555739051,20.6245589248584,2.20640460953834,,20.6343617882309,1.79009011301844,0.5588,WorldBank,2026-07-15T01:51:34.937816+00:00,20260715T015053Z
CHN,China,2023,5.41600334492955,0.234836828893051,23.9617588276826,1.40681103517507,,21.0332541381132,1.8075643209073,0.5652,WorldBank,2026-07-15T01:51:34.937816+00:00,20260715T015053Z
CHN,China,2024,4.95830378788091,0.218128938439177,,2.46818591485776,,20.4222505719016,1.49786393169736,,WorldBank,2026-07-15T01:51:34.937816+00:00,20260715T015053Z
CHN,China,2025,4.95994886240992,0.0595646916565403,,3.76972243689338,,,,,WorldBank,2026-07-15T01:51:34.937816+00:00,20260715T015053Z
FRA,France,1998,,,,,0.00220735244217791,,,,WorldBank,2026-07-15T01:51:34.937816+00:00,20260715T015053Z
FRA,France,1999,,,,,0.00601009551324445,,,,WorldBank,2026-07-15T01:51:34.937816+00:00,20260715T015053Z
FRA,France,2000,,,52.6597179220674,,0.0128162153938784,,,,WorldBank,2026-07-15T01:51:34.937816+00:00,20260715T015053Z
FRA,France,2001,,,51.6280590905334,,0.00936012963415914,,,,WorldBank,2026-07-15T01:51:34.937816+00:00,20260715T015053Z
FRA,France,2002,1.06775027069419,1.92341228727064,51.9902296112764,1.18270439802011,0.00830876294635966,9.26640987394073,2.41044026064874,0.5012,WorldBank,2026-07-15T01:51:34.937816+00:00,20260715T015053Z
FRA,France,2003,0.967827182558352,2.09847219146919,51.9019306143333,0.871063406872808,0.00737910136174695,9.71452264348599,2.62366263490054,0.5051,WorldBank,2026-07-15T01:51:34.937816+00:00,20260715T015053Z
FRA,France,2004,2.86825052501032,2.14208964640239,52.240225617517,0.434470120439983,0.00810398257408497,10.9055187059183,2.8665533683138,0.5142,WorldBank,2026-07-15T01:51:34.937816+00:00,20260715T015053Z
FRA,France,2005,1.88856584109286,1.74586936380487,53.0679404506124,-0.00650919177703098,0.0111412257646513,13.533539597916,4.1253866202006,0.5327,WorldBank,2026-07-15T01:51:34.937816+00:00,20260715T015053Z
FRA,France,2006,2.71406448755236,1.67512449608726,52.9914446924844,0.0221896585541475,0.011867928639494,14.8878164053596,4.32619285530699,0.5413,WorldBank,2026-07-15T01:51:34.937816+00:00,20260715T015053Z
FRA,France,2007,2.53048188351066,1.4879980595386,51.9702514233555,-0.328279950461903,0.0105907897754201,13.5203117826148,3.84287489236502,0.5333,WorldBank,2026-07-15T01:51:34.937816+00:00,20260715T015053Z
FRA,France,2008,0.380171435849121,2.81286194914785,52.300519537814,-0.962244945077225,0.014247070185208,17.0501548718128,5.06960349418849,0.558,WorldBank,2026-07-15T01:51:34.937816+00:00,20260715T015053Z
FRA,France,2009,-2.82455153714783,0.0876204781574653,52.4461795511117,-0.818480147786109,0.00767614972487918,13.4637891164273,3.53134251252507,0.5347,WorldBank,2026-07-15T01:51:34.937816+00:00,20260715T015053Z
FRA,France,2010,2.00032476039051,1.53112270420919,50.3709944013574,-0.832545468638349,0.00891753895773517,13.9566622431538,3.65811274413341,0.5371,WorldBank,2026-07-15T01:51:34.937816+00:00,20260715T015053Z
FRA,France,2011,2.43757653729007,2.11159795175,50.7669129831527,-1.02802797917579,0.0108192692036986,16.261030106684,4.54318211381377,0.5526,WorldBank,2026-07-15T01:51:34.937816+00:00,20260715T015053Z
FRA,France,2012,0.183835264973013,1.9541953161351,49.9192127548672,-1.22530807843013,0.0126937537821637,17.439826971405,4.44640256167696,0.5605,WorldBank,2026-07-15T01:51:34.937816+00:00,20260715T015053Z
FRA,France,2013,0.781756446231,0.863715497861804,49.7187350576705,-0.59799045690811,0.0109314252317,16.6073789214701,3.91482105973503,0.553,WorldBank,2026-07-15T01:51:34.937816+00:00,20260715T015053Z
FRA,France,2014,0.997832947295251,0.50775882293799,47.8595723488972,-0.96273369938115,0.0094716180532004,14.7105521133863,3.879573777375,0.5414,WorldBank,2026-07-15T01:51:34.937816+00:00,20260715T015053Z
FRA,France,2015,1.06675474783462,0.0375143805125182,47.5840193835437,-0.334528437032909,0.00512462065631857,10.671575842349,2.95528102932916,0.5134,WorldBank,2026-07-15T01:51:34.937816+00:00,20260715T015053Z
FRA,France,2016,0.860031075424033,0.183334861123765,49.1470621392941,-0.538632351885894,0.00385165418531265,8.39759658369512,2.30761310498294,0.5001,WorldBank,2026-07-15T01:51:34.937816+00:00,20260715T015053Z
FRA,France,2017,2.08361485997399,1.03228275064681,50.6501252511912,-0.47461518521567,0.00518662364090017,9.81939201488458,2.80075972124448,0.5096,WorldBank,2026-07-15T01:51:34.937816+00:00,20260715T015053Z
FRA,France,2018,1.64590872395887,1.85081508315493,48.740565044734,-0.735670615255372,0.00839113039243978,11.2949556021461,3.29246555293983,0.5192,WorldBank,2026-07-15T01:51:34.937816+00:00,20260715T015053Z
FRA,France,2019,2.02744646419237,1.10825492288294,49.7065206256462,0.587362764575748,0.00678260032752886,10.3438415303634,2.77533644087224,0.5092,WorldBank,2026-07-15T01:51:34.937816+00:00,20260715T015053Z
FRA,France,2020,-7.44064589948231,0.476498852725065,45.7909611073638,-2.00313613657686,0.00329710789889294,7.24065896019924,2.17631318472775,0.4962,WorldBank,2026-07-15T01:51:34.937816+00:00,20260715T015053Z
FRA,France,2021,6.88233783360239,1.64233141038394,45.5715251781551,0.244238511780543,0.0071021867060762,11.0278088999018,3.67766725739694,0.5131,WorldBank,2026-07-15T01:51:34.937816+00:00,20260715T015053Z
FRA,France,2022,2.71676264185913,5.22236748369725,54.3201739791286,-1.43234855251881,,20.1483919488581,5.90288840625744,0.5801,WorldBank,2026-07-15T01:51:34.937816+00:00,20260715T015053Z
FRA,France,2023,1.43921494437743,4.8783572650844,47.1279302986198,-1.04301703799496,,14.5629042234337,5.1259997747409,0.5404,WorldBank,2026-07-15T01:51:34.937816+00:00,20260715T015053Z
FRA,France,2024,1.19046798275883,1.99904942291463,,0.0851279883251641,,12.6680112174847,4.40931574185064,,WorldBank,2026-07-15T01:51:34.937816+00:00,20260715T015053Z
FRA,France,2025,0.840949955479587,0.943770212469976,,-0.274343403515968,,,,,WorldBank,2026-07-15T01:51:34.937816+00:00,20260715T015053Z
DEU,Germany,1998,,,,,0.00249770506951134,,,,WorldBank,2026-07-15T01:51:34.937816+00:00,20260715T015053Z
DEU,Germany,1999,,,,,0.00713206799652999,,,,WorldBank,2026-07-15T01:51:34.937816+00:00,20260715T015053Z
DEU,Germany,2000,,,61.1039580456091,,0.0201562303638046,,,,WorldBank,2026-07-15T01:51:34.937816+00:00,20260715T015053Z
DEU,Germany,2001,,,62.5050248519619,,0.0153289209077331,,,,WorldBank,2026-07-15T01:51:34.937816+00:00,20260715T015053Z
DEU,Germany,2002,-0.228255715793637,1.42080615551526,61.7994878938763,1.71466761160357,0.016056222546191,8.41655179666245,1.42402064167184,0.4978,WorldBank,2026-07-15T01:51:34.937816+00:00,20260715T015053Z
DEU,Germany,2003,-0.529801394291297,1.03422218628562,62.269879079911,1.25843057921389,0.0165037382126426,8.636274883221,1.51275631349144,0.5008,WorldBank,2026-07-15T01:51:34.937816+00:00,20260715T015053Z
DEU,Germany,2004,1.16208684507278,1.66573696655992,62.8650670376201,4.26675296375958,0.0185417711460884,9.18853712261551,1.86646970395014,0.4949,WorldBank,2026-07-15T01:51:34.937816+00:00,20260715T015053Z
DEU,Germany,2005,0.885485292551564,1.54691114751328,62.530571039464,4.39898942956011,0.027268431145628,11.4833464354753,2.15737726367222,0.509,WorldBank,2026-07-15T01:51:34.937816+00:00,20260715T015053Z
DEU,Germany,2006,3.86668241523209,1.57742642840563,62.8343075975222,5.52590473247801,0.0291731982459974,12.0720499013616,2.52514172512018,0.5093,WorldBank,2026-07-15T01:51:34.937816+00:00,20260715T015053Z
DEU,Germany,2007,2.8891174138025,2.29834400700951,60.5578292354181,6.5154572948782,0.028013355499561,10.5452068444245,2.28098048790857,0.4954,WorldBank,2026-07-15T01:51:34.937816+00:00,20260715T015053Z
DEU,Germany,2008,0.887902330743628,2.62837981637219,62.8465530476543,5.40768664904885,0.034054769495246,13.9372448697643,2.61473020571424,0.5216,WorldBank,2026-07-15T01:51:34.937816+00:00,20260715T015053Z
DEU,Germany,2009,-5.54455451920674,0.312739007368447,63.2780731769109,5.66039528537592,0.0184514937131976,11.4409889108989,2.02575854491354,0.505,WorldBank,2026-07-15T01:51:34.937816+00:00,20260715T015053Z
DEU,Germany,2010,4.13463778522758,1.1038103778926,62.0536486295109,5.58814592773644,0.0190328024560215,11.5548549713167,1.96777437205077,0.5055,WorldBank,2026-07-15T01:51:34.937816+00:00,20260715T015053Z
DEU,Germany,2011,3.75796884489337,2.07517283735874,63.9626026669831,6.09171549435117,0.0301021983000363,13.408194677438,2.29646861136678,0.5164,WorldBank,2026-07-15T01:51:34.937816+00:00,20260715T015053Z
DEU,Germany,2012,0.463512036709204,2.00848884782956,63.4091868018455,7.01984446991475,0.030322053441343,14.2384821413715,2.43490930670804,0.5185,WorldBank,2026-07-15T01:51:34.937816+00:00,20260715T015053Z
DEU,Germany,2013,0.396995583779145,1.50472330251876,64.6341861183046,6.55719316810853,0.0270022581641135,14.0345099665508,2.41594718104658,0.5192,WorldBank,2026-07-15T01:51:34.937816+00:00,20260715T015053Z
DEU,Germany,2014,2.18018602168017,0.906794000434246,64.0352360163442,7.19411093057004,0.0223645319543507,12.1829311943824,2.25199429341006,0.505,WorldBank,2026-07-15T01:51:34.937816+00:00,20260715T015053Z
DEU,Germany,2015,1.66300602334775,0.514426137125456,64.435449668835,8.09671429040112,0.0109585492863493,9.25867351619041,2.13441977383123,0.4836,WorldBank,2026-07-15T01:51:34.937816+00:00,20260715T015053Z
DEU,Germany,2016,2.22222216259371,0.491747008445174,66.3064728203049,8.90236036837271,0.00795427640685235,7.16715440298352,1.64382508639625,0.4683,WorldBank,2026-07-15T01:51:34.937816+00:00,20260715T015053Z
DEU,Germany,2017,2.797906720551,1.50949485109628,66.6211966116221,8.07873526112888,0.0108326903342219,8.03921132689532,1.79687015135703,0.4767,WorldBank,2026-07-15T01:51:34.937816+00:00,20260715T015053Z
DEU,Germany,2018,1.13569604599849,1.73216879766942,66.2019306623099,8.43761219902204,0.0150774778092678,8.84880812907979,2.06424587714665,0.4805,WorldBank,2026-07-15T01:51:34.937816+00:00,20260715T015053Z
DEU,Germany,2019,0.977734697038784,1.44565976888253,69.9240006475155,7.87471222403173,0.0127922924108005,8.4888514972384,2.21694997936172,0.4814,WorldBank,2026-07-15T01:51:34.937816+00:00,20260715T015053Z
DEU,Germany,2020,-4.13191443239947,0.144877925813982,65.3856005738018,6.34782686016016,0.00673003142464202,6.22005932350923,1.81843784726771,0.4701,WorldBank,2026-07-15T01:51:34.937816+00:00,20260715T015053Z
DEU,Germany,2021,3.90999994204108,3.06666666666673,65.4045618672755,6.92006966375342,0.0140349033815617,8.72065735754442,2.60156267352484,0.4843,WorldBank,2026-07-15T01:51:34.937816+00:00,20260715T015053Z
DEU,Germany,2022,1.8092581243061,6.87257438551097,71.7534093856193,4.11376375249819,,12.671943221466,3.55065871383029,0.521,WorldBank,2026-07-15T01:51:34.937816+00:00,20260715T015053Z
DEU,Germany,2023,-0.869647578573321,5.94643667725823,70.4874265375658,5.50327392607703,,8.65233705017107,2.0446709964022,0.4903,WorldBank,2026-07-15T01:51:34.937816+00:00,20260715T015053Z
DEU,Germany,2024,-0.495851897260366,2.2564981433876,,5.89380863529108,,7.99268368320553,2.07454936630529,,WorldBank,2026-07-15T01:51:34.937816+00:00,20260715T015053Z
DEU,Germany,2025,0.239578342117881,2.17178770949721,,4.50585617378113,,,,,WorldBank,2026-07-15T01:51:34.937816+00:00,20260715T015053Z
IND,India,1998,,,,,0.429736693495449,,,,WorldBank,2026-07-15T01:51:34.937816+00:00,20260715T015053Z
IND,India,1999,,,,,0.70843039067171,,,,WorldBank,2026-07-15T01:51:34.937816+00:00,20260715T015053Z
IND,India,2000,,,21.8848024647478,,1.19880896935781,,,,WorldBank,2026-07-15T01:51:34.937816+00:00,20260715T015053Z
IND,India,2001,,,21.6071184549194,,0.869871197224191,,,,WorldBank,2026-07-15T01:51:34.937816+00:00,20260715T015053Z
IND,India,2002,3.80397532120038,4.29715203929562,22.1969266729062,1.37093793900847,0.898515923740017,31.1803191799068,4.64597767742237,0.6295,WorldBank,2026-07-15T01:51:34.937816+00:00,20260715T015053Z
IND,India,2003,7.86038147545045,3.80585899528853,22.3528918245213,1.44355773291234,0.860363359311968,30.079234049304,6.10097544845508,0.6223,WorldBank,2026-07-15T01:51:34.937816+00:00,20260715T015053Z
IND,India,2004,7.92293661307978,3.76725173477517,23.0511620657529,0.110018010197154,1.06043123794654,31.4811443132852,8.06795716494028,0.6358,WorldBank,2026-07-15T01:51:34.937816+00:00,20260715T015053Z
IND,India,2005,7.92343062131789,4.24634362031924,24.7403711279846,-1.25350400207393,1.28780837185882,32.880481984472,10.4601583493885,0.6498,WorldBank,2026-07-15T01:51:34.937816+00:00,20260715T015053Z
IND,India,2006,8.06073257305057,5.79652337561634,26.0473139148163,-0.988988302952292,1.33146821912931,34.4664557338665,14.8542991106596,0.6596,WorldBank,2026-07-15T01:51:34.937816+00:00,20260715T015053Z
IND,India,2007,7.66081506510766,6.37288135593231,27.0601259049498,-0.663717648772609,1.15214697247781,33.4947323508876,16.1895676050457,0.6527,WorldBank,2026-07-15T01:51:34.937816+00:00,20260715T015053Z
IND,India,2008,3.08669805950082,8.34926704907575,28.4555744181546,-2.58337749259838,1.58498271088646,36.6905690153122,18.0648893231602,0.6799,WorldBank,2026-07-15T01:51:34.937816+00:00,20260715T015053Z
IND,India,2009,7.8618888330338,10.8823529411764,29.3426479119283,-1.95146209111802,0.638793187629364,31.0175158883312,13.5864051496825,0.6419,WorldBank,2026-07-15T01:51:34.937816+00:00,20260715T015053Z
IND,India,2010,8.49758470165625,11.9893899204245,30.2219214810602,-3.25348368945179,0.815747227430213,31.6632500410927,17.2296552495647,0.6505,WorldBank,2026-07-15T01:51:34.937816+00:00,20260715T015053Z
IND,India,2011,5.24131620024293,8.9117933648336,31.1609590704357,-3.42928468606061,1.34852705756453,34.0280333813825,18.7585466086377,0.6666,WorldBank,2026-07-15T01:51:34.937816+00:00,20260715T015053Z
IND,India,2012,5.45638755164772,9.47899691419793,32.8228389038316,-5.00488971805303,1.31387208215422,37.9725042283446,18.7788936146643,0.6975,WorldBank,2026-07-15T01:51:34.937816+00:00,20260715T015053Z
IND,India,2013,6.38610640091713,10.0178784746104,34.024000893281,-2.64566711733892,1.19335415579377,39.5180997115685,20.6668895706043,0.7002,WorldBank,2026-07-15T01:51:34.937816+00:00,20260715T015053Z
IND,India,2014,7.41022760516977,6.66565671867899,36.5423025911346,-1.33950896483453,0.945192923172492,38.5148387122449,19.6340746160473,0.6906,WorldBank,2026-07-15T01:51:34.937816+00:00,20260715T015053Z
IND,India,2015,7.99625378567987,4.90697344127249,37.2827822095164,-1.06754907167965,0.359940708852176,26.777350937984,11.8719127202525,0.6149,WorldBank,2026-07-15T01:51:34.937816+00:00,20260715T015053Z
IND,India,2016,8.25630550176662,4.94821634062134,37.3874186548518,-0.52788060603752,0.220297977730946,25.0353799489221,10.6421920620902,0.6021,WorldBank,2026-07-15T01:51:34.937816+00:00,20260715T015053Z
IND,India,2017,6.79538341902422,3.32817337461305,37.4713105330607,-1.43948820320989,0.313225226270499,27.722837394409,12.1859467424678,0.6222,WorldBank,2026-07-15T01:51:34.937816+00:00,20260715T015053Z
IND,India,2018,6.45385134495295,3.93882646691643,37.5843467719926,-2.42697545810527,0.446629594682818,33.2499008636957,15.06745126951,0.6608,WorldBank,2026-07-15T01:51:34.937816+00:00,20260715T015053Z
IND,India,2019,3.87143694070524,3.72950573539123,39.2996982985914,-1.04961203910072,0.30502831579148,31.880343122832,13.7763501701928,0.6482,WorldBank,2026-07-15T01:51:34.937816+00:00,20260715T015053Z
IND,India,2020,-5.77772470687303,6.6234367762853,37.481252772155,1.22362111042791,0.144343868543637,28.3590915050748,10.0306929080613,0.6177,WorldBank,2026-07-15T01:51:34.937816+00:00,20260715T015053Z
IND,India,2021,9.68959249191741,5.13140747176364,35.0355799640062,-1.05524166809383,0.325610194100608,29.8728403228095,14.2846592727887,0.6338,WorldBank,2026-07-15T01:51:34.937816+00:00,20260715T015053Z
IND,India,2022,7.6093649776932,6.69903414079858,36.529412379469,-2.43238270956779,,37.8444037124818,21.7524651912837,0.6898,WorldBank,2026-07-15T01:51:34.937816+00:00,20260715T015053Z
IND,India,2023,7.210224629335,5.64914318907925,36.0871843474496,-0.912777939495827,,33.2009829039382,20.7059082080863,0.655,WorldBank,2026-07-15T01:51:34.937816+00:00,20260715T015053Z
IND,India,2024,7.09927893176518,4.95303550973661,,-0.851289719084462,,31.5419008927123,17.094437885147,,WorldBank,2026-07-15T01:51:34.937816+00:00,20260715T015053Z
IND,India,2025,7.56666179284244,2.39884954182294,,-0.416854153498652,,,,,WorldBank,2026-07-15T01:51:34.937816+00:00,20260715T015053Z
IRN,"Iran, Islamic Rep.",1998,,,,,11.6492107603037,,,,WorldBank,2026-07-15T01:51:34.937816+00:00,20260715T015053Z
IRN,"Iran, Islamic Rep.",1999,,,,,16.7896155043784,,,,WorldBank,2026-07-15T01:51:34.937816+00:00,20260715T015053Z
IRN,"Iran, Islamic Rep.",2000,,,-105.871870057097,,30.6637746707723,,,,WorldBank,2026-07-15T01:51:34.937816+00:00,20260715T015053Z
IRN,"Iran, Islamic Rep.",2001,,,-87.1049629993087,,21.4882168458321,,,,WorldBank,2026-07-15T01:51:34.937816+00:00,20260715T015053Z
IRN,"Iran, Islamic Rep.",2002,8.07882927975243,14.3359337378404,-84.6612008055191,,20.4437414632993,2.67944033736148,70.3079897892571,,WorldBank,2026-07-15T01:51:34.937816+00:00,20260715T015053Z
IRN,"Iran, Islamic Rep.",2003,8.6392983972006,16.4680116244792,-95.8066005050267,,22.0449174416527,5.7296053256753,79.4780554871552,,WorldBank,2026-07-15T01:51:34.937816+00:00,20260715T015053Z
IRN,"Iran, Islamic Rep.",2004,4.33666597851041,14.7615086970672,-87.4433833619349,,25.1990020398231,7.74558402913861,78.9586877543246,,WorldBank,2026-07-15T01:51:34.937816+00:00,20260715T015053Z
IRN,"Iran, Islamic Rep.",2005,3.18980408728824,13.433118008508,-80.2166905382203,,31.6076762648214,9.69630214239736,83.0809475304939,,WorldBank,2026-07-15T01:51:34.937816+00:00,20260715T015053Z
IRN,"Iran, Islamic Rep.",2006,4.99979526181222,10.0158982511924,-76.9050977386177,,31.5582038058527,3.99659952612549,83.2838200199219,,WorldBank,2026-07-15T01:51:34.937816+00:00,20260715T015053Z
IRN,"Iran, Islamic Rep.",2007,8.15577352358517,17.3410404624277,-74.3233060373261,,26.1252401169156,,,,WorldBank,2026-07-15T01:51:34.937816+00:00,20260715T015053Z
IRN,"Iran, Islamic Rep.",2008,0.250856553493634,25.4105090311987,-64.0674463335666,,30.5659738980313,,,,WorldBank,2026-07-15T01:51:34.937816+00:00,20260715T015053Z
IRN,"Iran, Islamic Rep.",2009,1.00738545790475,13.5515548281506,-60.4088381691115,,17.5512587993854,,,,WorldBank,2026-07-15T01:51:34.937816+00:00,20260715T015053Z
IRN,"Iran, Islamic Rep.",2010,5.79793830169604,10.0893629287979,-64.1137053411789,,20.2248363529261,2.69208006747233,70.8018189413379,,WorldBank,2026-07-15T01:51:34.937816+00:00,20260715T015053Z
IRN,"Iran, Islamic Rep.",2011,2.6457179180628,26.2933856738608,-64.580688618876,,22.3514589221281,1.42548851710359,70.5041242804763,,WorldBank,2026-07-15T01:51:34.937816+00:00,20260715T015053Z
IRN,"Iran, Islamic Rep.",2012,-3.74717139864109,27.2568127242908,-36.9850081152965,,18.4120723402826,,,,WorldBank,2026-07-15T01:51:34.937816+00:00,20260715T015053Z
IRN,"Iran, Islamic Rep.",2013,-1.52197920494184,36.6030355191029,-33.6417978564312,,21.2565665523955,1.3871278769865,71.7172687320017,,WorldBank,2026-07-15T01:51:34.937816+00:00,20260715T015053Z
IRN,"Iran, Islamic Rep.",2014,4.98477506709476,16.6065532357449,-27.8338049577846,,21.2353758265799,1.15243586187124,67.7953155547417,,WorldBank,2026-07-15T01:51:34.937816+00:00,20260715T015053Z
IRN,"Iran, Islamic Rep.",2015,-1.42488493937503,12.4846815611533,-32.5650713047388,,12.2663527393474,0.767171298954689,57.7930861182423,,WorldBank,2026-07-15T01:51:34.937816+00:00,20260715T015053Z
IRN,"Iran, Islamic Rep.",2016,8.8150866425182,7.24542548952979,-55.215546874525,,10.8895031509112,0.436197737080165,67.5862230701503,,WorldBank,2026-07-15T01:51:34.937816+00:00,20260715T015053Z
IRN,"Iran, Islamic Rep.",2017,3.02685468694025,8.04492437660278,-53.5976964323682,,14.6204399688795,0.626629375087282,71.0578843095261,,WorldBank,2026-07-15T01:51:34.937816+00:00,20260715T015053Z
IRN,"Iran, Islamic Rep.",2018,-3.74796015711334,18.0141183371874,-49.7887589905094,,27.6646471563106,0.967662498720829,68.6777337315966,,WorldBank,2026-07-15T01:51:34.937816+00:00,20260715T015053Z
IRN,"Iran, Islamic Rep.",2019,-2.36143538770575,39.9073455697784,-27.2421274349486,,20.0780490508657,0.973725489021451,38.5316504652718,,WorldBank,2026-07-15T01:51:34.937816+00:00,20260715T015053Z
IRN,"Iran, Islamic Rep.",2020,4.44180865358672,30.5941390387295,-22.07737264429,,13.2733495355914,1.17848313720092,29.1637868954392,,WorldBank,2026-07-15T01:51:34.937816+00:00,20260715T015053Z
IRN,"Iran, Islamic Rep.",2021,4.13089685034471,43.3890162681514,-26.5193765008583,,18.2658980929233,1.54867490104155,47.9119531286438,,WorldBank,2026-07-15T01:51:34.937816+00:00,20260715T015053Z
IRN,"Iran, Islamic Rep.",2022,4.35281087521344,43.4884641742179,-32.4944592767049,,,2.01147553606513,56.361512409332,,WorldBank,2026-07-15T01:51:34.937816+00:00,20260715T015053Z
IRN,"Iran, Islamic Rep.",2023,5.33235116079808,44.5791857572797,,,,,,,WorldBank,2026-07-15T01:51:34.937816+00:00,20260715T015053Z
IRN,"Iran, Islamic Rep.",2024,3.66312057949303,32.455871402917,,,,,,,WorldBank,2026-07-15T01:51:34.937816+00:00,20260715T015053Z
IRN,"Iran, Islamic Rep.",2025,-2.82597163290347,42.1712244965444,,,,,,,WorldBank,2026-07-15T01:51:34.937816+00:00,20260715T015053Z
IRQ,Iraq,1998,,,,,36.6105813767315,,,,WorldBank,2026-07-15T01:51:34.937816+00:00,20260715T015053Z
IRQ,Iraq,1999,,,,,36.719435347494,,,,WorldBank,2026-07-15T01:51:34.937816+00:00,20260715T015053Z
IRQ,Iraq,2000,,,-403.308873311555,,48.5807178166885,,,,WorldBank,2026-07-15T01:51:34.937816+00:00,20260715T015053Z
IRQ,Iraq,2001,,,-344.920693760464,,49.1960317224957,,,,WorldBank,2026-07-15T01:51:34.937816+00:00,20260715T015053Z
IRQ,Iraq,2002,-8.20370481187175,19.316694601979,-302.205220635501,,46.6719927539111,0.069266323724152,95.0954914415094,,WorldBank,2026-07-15T01:51:34.937816+00:00,20260715T015053Z
IRQ,Iraq,2003,-36.6567804383165,33.6162105992383,-215.423664187301,,53.0047978158982,,,,WorldBank,2026-07-15T01:51:34.937816+00:00,20260715T015053Z
IRQ,Iraq,2004,53.3855472887501,26.9619068193271,-282.713155555713,,64.6550924823725,,96.0061358572201,,WorldBank,2026-07-15T01:51:34.937816+00:00,20260715T015053Z
IRQ,Iraq,2005,1.67522863586828,36.9594809201871,-258.770671926746,-6.66212529091974,65.1575951980304,,96.3555657715066,,WorldBank,2026-07-15T01:51:34.937816+00:00,20260715T015053Z
IRQ,Iraq,2006,5.63829915220637,53.230962911428,-286.213672542951,4.11591917217398,63.5551402676835,,99.459181622694,,WorldBank,2026-07-15T01:51:34.937816+00:00,20260715T015053Z
IRQ,Iraq,2007,1.88853936243953,-10.0674925768978,-307.471358496956,17.4694327663084,52.9273802567399,27.1618651889106,99.6294248203056,0.4279,WorldBank,2026-07-15T01:51:34.937816+00:00,20260715T015053Z
IRQ,Iraq,2008,8.22810710383277,12.6628528269228,-319.452328712433,21.6088001159731,55.3793146361864,62.6260697219795,99.7568096571184,0.6368,WorldBank,2026-07-15T01:51:34.937816+00:00,20260715T015053Z
IRQ,Iraq,2009,3.37929909442771,6.87361547212555,-309.52116479381,-1.01067925411065,39.1145928006965,,99.6937150677908,,WorldBank,2026-07-15T01:51:34.937816+00:00,20260715T015053Z
IRQ,Iraq,2010,6.40256484471193,2.42986826837753,-274.591134586161,4.68412757383414,43.2562312170542,,99.7045850237878,,WorldBank,2026-07-15T01:51:34.937816+00:00,20260715T015053Z
IRQ,Iraq,2011,7.546471200426,5.6040514426601,-287.892861997924,14.065166727563,50.9263659501053,,99.7790725268102,,WorldBank,2026-07-15T01:51:34.937816+00:00,20260715T015053Z
IRQ,Iraq,2012,13.9364301737537,6.0890964159516,-290.002433165476,13.5507635163078,49.6110993818029,,99.749740585093,,WorldBank,2026-07-15T01:51:34.937816+00:00,20260715T015053Z
IRQ,Iraq,2013,7.62828592298754,1.87949800749416,-275.505030732489,6.85843921497559,45.3313602184612,,99.7968723357044,,WorldBank,2026-07-15T01:51:34.937816+00:00,20260715T015053Z
IRQ,Iraq,2014,2.26368817563613,2.23597407904726,-307.676202167834,6.94151191976759,46.6038527995508,22.8843296896423,99.8860619088129,0.4344,WorldBank,2026-07-15T01:51:34.937816+00:00,20260715T015053Z
IRQ,Iraq,2015,2.60676642939541,1.39333028780268,-392.88619219625,-1.65602101285884,37.2575416723352,,99.7872777592791,,WorldBank,2026-07-15T01:51:34.937816+00:00,20260715T015053Z
IRQ,Iraq,2016,13.7873730187089,0.556521397155548,-451.101947041262,1.29416694062961,32.9650560560142,,99.9864810010682,,WorldBank,2026-07-15T01:51:34.937816+00:00,20260715T015053Z
IRQ,Iraq,2017,-1.81975035118309,0.184058898847553,-404.958840172483,7.95462137277485,38.9203120843433,,,,WorldBank,2026-07-15T01:51:34.937816+00:00,20260715T015053Z
IRQ,Iraq,2018,2.63385099105624,0.367441488936828,-362.545083013579,15.1162785714327,45.7658631354446,,,,WorldBank,2026-07-15T01:51:34.937816+00:00,20260715T015053Z
IRQ,Iraq,2019,5.5137905789381,-0.198965380023882,-357.471644217881,6.74664580876131,40.2312783051026,,,,WorldBank,2026-07-15T01:51:34.937816+00:00,20260715T015053Z
IRQ,Iraq,2020,-12.0367930960454,0.574162679425856,-340.435616490004,-3.48598226553262,27.035001916172,,,,WorldBank,2026-07-15T01:51:34.937816+00:00,20260715T015053Z
IRQ,Iraq,2021,1.5021807095434,6.04186489058043,-287.4205985904,11.7148037882244,42.7870984915076,,,,WorldBank,2026-07-15T01:51:34.937816+00:00,20260715T015053Z
IRQ,Iraq,2022,7.95904804990212,4.9947659638103,-274.87736059498,20.1861883343541,,,,,WorldBank,2026-07-15T01:51:34.937816+00:00,20260715T015053Z
IRQ,Iraq,2023,0.517705525140073,4.35835351089595,,10.5528397110428,,,,,WorldBank,2026-07-15T01:51:34.937816+00:00,20260715T015053Z
IRQ,Iraq,2024,-1.54525198319173,2.6116961151764,,2.99186896502489,,,,,WorldBank,2026-07-15T01:51:34.937816+00:00,20260715T015053Z
IRQ,Iraq,2025,-2.15574219066178,0.303454715219382,,,,,,,WorldBank,2026-07-15T01:51:34.937816+00:00,20260715T015053Z
ITA,Italy,1998,,,,,0.00860398801945926,,,,WorldBank,2026-07-15T01:51:34.937816+00:00,20260715T015053Z
ITA,Italy,1999,,,,,0.0238337432543426,,,,WorldBank,2026-07-15T01:51:34.937816+00:00,20260715T015053Z
ITA,Italy,2000,,,88.8679040891303,,0.0491103009051332,,,,WorldBank,2026-07-15T01:51:34.937816+00:00,20260715T015053Z
ITA,Italy,2001,,,85.4335353165297,,0.0322847284179457,,,,WorldBank,2026-07-15T01:51:34.937816+00:00,20260715T015053Z
ITA,Italy,2002,0.26992966378873,2.46532319171165,87.9148588781137,-0.489738960441859,0.0407901667424972,8.89269378281914,1.74600962390738,0.5177,WorldBank,2026-07-15T01:51:34.937816+00:00,20260715T015053Z
ITA,Italy,2003,0.0665538088732092,2.6725555277285,85.3649353296641,-0.766212290849885,0.0400847934902141,8.97339521347454,2.13590429760863,0.5182,WorldBank,2026-07-15T01:51:34.937816+00:00,20260715T015053Z
ITA,Italy,2004,1.4740217064723,2.20673661423657,86.7924296664505,-0.4953081424742,0.0463733545125626,9.4843236440218,2.34086220980734,0.5211,WorldBank,2026-07-15T01:51:34.937816+00:00,20260715T015053Z
ITA,Italy,2005,0.762410677306491,1.9852929852798,85.7235768898601,-0.896244191801554,0.0747436239867356,11.8569438067536,3.43872028627477,0.5372,WorldBank,2026-07-15T01:51:34.937816+00:00,20260715T015053Z
ITA,Italy,2006,1.79947992234244,2.09084391012754,88.4757014724615,-1.44603855867144,0.0777499536900344,12.161196588455,3.60007386240689,0.5419,WorldBank,2026-07-15T01:51:34.937816+00:00,20260715T015053Z
ITA,Italy,2007,1.46229205289291,1.82974112202403,85.6775303732499,-1.35566295251184,0.0770690066986577,12.0011992593423,3.92041828636441,0.5396,WorldBank,2026-07-15T01:51:34.937816+00:00,20260715T015053Z
ITA,Italy,2008,-1.02313851177097,3.34783258401022,85.491305751847,-2.68669173430211,0.0935556302345291,14.2727956431729,4.69330962737191,0.5583,WorldBank,2026-07-15T01:51:34.937816+00:00,20260715T015053Z
ITA,Italy,2009,-5.30515401233991,0.774768131387381,83.3030445890869,-1.77411764067094,0.048036487144922,17.7726739082813,3.447934596545,0.5769,WorldBank,2026-07-15T01:51:34.937816+00:00,20260715T015053Z
ITA,Italy,2010,1.52910573247101,1.52551602118248,85.4618786500618,-3.24412215335914,0.0632419734880662,18.4471283216883,4.63889398875227,0.5868,WorldBank,2026-07-15T01:51:34.937816+00:00,20260715T015053Z
ITA,Italy,2011,0.695463154440176,2.78063272879323,84.1225458006764,-2.74163808728921,0.101021789830648,19.6993478607328,4.76073239440413,0.5927,WorldBank,2026-07-15T01:51:34.937816+00:00,20260715T015053Z
ITA,Italy,2012,-3.12523877282996,3.04136333226775,81.8390323727707,-0.215238993496647,0.108313381680821,22.563225526535,4.69948477906981,0.602,WorldBank,2026-07-15T01:51:34.937816+00:00,20260715T015053Z
ITA,Italy,2013,-1.81802510749792,1.21999342274306,79.2945394918256,1.03825599780866,0.0998160374945312,20.1410014779619,4.27731648308039,0.5815,WorldBank,2026-07-15T01:51:34.937816+00:00,20260715T015053Z
ITA,Italy,2014,-0.00138761730454462,0.241047429826756,78.3881613742621,1.70979552518119,0.0967846101416793,16.5186900549205,3.73903759474597,0.5558,WorldBank,2026-07-15T01:51:34.937816+00:00,20260715T015053Z
ITA,Italy,2015,0.885667635240807,0.0387903996579733,79.5879551148895,1.23326652485505,0.0462003289451814,12.8690110501946,3.2944073725625,0.5345,WorldBank,2026-07-15T01:51:34.937816+00:00,20260715T015053Z
ITA,Italy,2016,1.23622108511661,-0.09401665691575,80.4850506548451,2.46140246001819,0.0238823821426404,10.362712078948,2.66359462149532,0.5148,WorldBank,2026-07-15T01:51:34.937816+00:00,20260715T015053Z
ITA,Italy,2017,1.60369995294101,1.22653316645812,81.1780064494272,2.47968309636806,0.0386725733265151,12.0552336697473,3.27256247837187,0.5259,WorldBank,2026-07-15T01:51:34.937816+00:00,20260715T015053Z
ITA,Italy,2018,0.826646712344115,1.13748763600391,80.9707217224841,2.57144669559437,0.0660288682863186,13.5552690351751,3.47059391265364,0.5351,WorldBank,2026-07-15T01:51:34.937816+00:00,20260715T015053Z
ITA,Italy,2019,0.429162533780342,0.611246943765304,82.2279640302359,3.23388196417885,0.055800623981932,12.4165014198912,3.04947553200783,0.5261,WorldBank,2026-07-15T01:51:34.937816+00:00,20260715T015053Z
ITA,Italy,2020,-8.86822122185345,-0.13770757391651,76.8695186600949,3.9369545603398,0.0398531422796994,8.44258090204808,2.14179213063523,0.4964,WorldBank,2026-07-15T01:51:34.937816+00:00,20260715T015053Z
ITA,Italy,2021,8.93106210800055,1.87378325762481,76.6329781818496,2.03966459401319,0.077005203060734,13.3815862701718,3.09783025955749,0.5341,WorldBank,2026-07-15T01:51:34.937816+00:00,20260715T015053Z
ITA,Italy,2022,4.82117669913565,8.20128991161718,83.6290340580981,-1.83039811478156,,21.4015829437529,4.97853512208366,0.6004,WorldBank,2026-07-15T01:51:34.937816+00:00,20260715T015053Z
ITA,Italy,2023,0.922796543670316,5.62219442195901,79.59805806701,0.251900586596722,,14.6992246882012,3.62874175899833,0.5494,WorldBank,2026-07-15T01:51:34.937816+00:00,20260715T015053Z
ITA,Italy,2024,0.783039135276795,0.982373023061417,,1.09768567168063,,12.6587544270668,3.05293641850331,,WorldBank,2026-07-15T01:51:34.937816+00:00,20260715T015053Z
ITA,Italy,2025,0.539583636778445,1.5316682765282,,1.14685456424844,,,,,WorldBank,2026-07-15T01:51:34.937816+00:00,20260715T015053Z
JPN,Japan,1998,,,,,0.000714692041191231,,,,WorldBank,2026-07-15T01:51:34.937816+00:00,20260715T015053Z
JPN,Japan,1999,,,,,0.00108953739717056,,,,WorldBank,2026-07-15T01:51:34.937816+00:00,20260715T015053Z
JPN,Japan,2000,,,82.8158357838335,,0.00204600728487652,,,,WorldBank,2026-07-15T01:51:34.937816+00:00,20260715T015053Z
JPN,Japan,2001,,,81.201679168534,,0.00113511914094131,,,,WorldBank,2026-07-15T01:51:34.937816+00:00,20260715T015053Z
JPN,Japan,2002,0.0849888050363319,-0.923494026942321,82.9888784175082,2.56388731159672,0.00112559597627164,19.4412833915369,0.336838530943305,0.5735,WorldBank,2026-07-15T01:51:34.937816+00:00,20260715T015053Z
JPN,Japan,2003,1.38010935830795,-0.256541816316025,85.4788968124398,3.047625783072,0.00115087198424737,21.1670377824489,0.330277857113262,0.5839,WorldBank,2026-07-15T01:51:34.937816+00:00,20260715T015053Z
JPN,Japan,2004,2.11294823723127,-0.00857338820310272,83.7746111126745,3.68297677752484,0.00112400162714459,21.8490990372531,0.40443333428467,0.5856,WorldBank,2026-07-15T01:51:34.937816+00:00,20260715T015053Z
JPN,Japan,2005,1.8482813374834,-0.282946068764391,83.4649315674778,3.48923328988267,0.00190799261441482,25.7952607733836,0.748696218083002,0.6113,WorldBank,2026-07-15T01:51:34.937816+00:00,20260715T015053Z
JPN,Japan,2006,1.54630843078741,0.249355116079085,82.3651990491479,3.7579723483952,0.00214720299585778,27.9228874953284,0.911800481133708,0.6237,WorldBank,2026-07-15T01:51:34.937816+00:00,20260715T015053Z
JPN,Japan,2007,1.72837912865577,0.060039454498669,84.3107714036557,4.57839452711194,0.00248906218354903,27.7680408747033,1.29910132558477,0.6208,WorldBank,2026-07-15T01:51:34.937816+00:00,20260715T015053Z
JPN,Japan,2008,-1.16662209355141,1.3800788616492,84.2147770328816,2.75407955979761,0.00254187890087445,35.1176970077189,2.40280339631499,0.6736,WorldBank,2026-07-15T01:51:34.937816+00:00,20260715T015053Z
JPN,Japan,2009,-5.9359411383964,-1.35283672951719,80.6163392901148,2.72970030740046,0.00121214539684085,27.625110976734,1.81331656588565,0.6244,WorldBank,2026-07-15T01:51:34.937816+00:00,20260715T015053Z
JPN,Japan,2010,4.13645589222239,-0.728243207517779,81.7425349206212,3.80082624691884,0.00158079099188119,28.6914078055209,1.69502618164654,0.6282,WorldBank,2026-07-15T01:51:34.937816+00:00,20260715T015053Z
JPN,Japan,2011,-0.20035785332982,-0.27245561610124,90.8195974217069,2.06383124200042,0.00234602321423817,32.1083223535873,1.97930812274285,0.6591,WorldBank,2026-07-15T01:51:34.937816+00:00,20260715T015053Z
JPN,Japan,2012,1.64893452981225,-0.0440645104432602,96.1222197111632,0.949145258884222,0.00248638665620751,34.1443764088035,1.68214490249087,0.6777,WorldBank,2026-07-15T01:51:34.937816+00:00,20260715T015053Z
JPN,Japan,2013,1.99727653399265,0.335037912184741,95.6729767272549,0.879664701194644,0.00279888580497218,33.7967564059572,2.33284299920258,0.6755,WorldBank,2026-07-15T01:51:34.937816+00:00,20260715T015053Z
JPN,Japan,2014,0.905915486065865,2.75922671353253,95.5684274026895,0.72910539728354,0.00369773020794163,32.2714396479636,2.29264163422113,0.6662,WorldBank,2026-07-15T01:51:34.937816+00:00,20260715T015053Z
JPN,Japan,2015,1.79997735783475,0.795279630579839,94.8396264266997,3.00967361767901,0.00197604493943565,20.5069277411675,1.82112089122004,0.5833,WorldBank,2026-07-15T01:51:34.937816+00:00,20260715T015053Z
JPN,Japan,2016,0.704986495111257,-0.127258844489754,93.813281550921,3.85588282294837,0.00120567077494375,18.268471084979,1.45314833400369,0.5659,WorldBank,2026-07-15T01:51:34.937816+00:00,20260715T015053Z
JPN,Japan,2017,1.62345062245441,0.484199796126385,93.0886712405363,4.03254042163651,0.00188218849166514,21.0291135522673,1.62989701847048,0.5827,WorldBank,2026-07-15T01:51:34.937816+00:00,20260715T015053Z
JPN,Japan,2018,0.834143845965585,0.989094598021848,91.4437393045403,3.43924007536728,0.00254122923421228,23.3503040035389,1.81010139690813,0.5989,WorldBank,2026-07-15T01:51:34.937816+00:00,20260715T015053Z
JPN,Japan,2019,-0.308496921143259,0.46877615938395,90.5590328120186,3.36672218972423,0.00193344998804187,21.5816785618091,1.98546863293334,0.5874,WorldBank,2026-07-15T01:51:34.937816+00:00,20260715T015053Z
JPN,Japan,2020,-4.28327942675573,-0.024995834027731,89.5796033607393,2.8911777788158,0.000710792505710748,16.6006557387446,1.18928797948461,0.5568,WorldBank,2026-07-15T01:51:34.937816+00:00,20260715T015053Z
JPN,Japan,2021,3.56419531474475,-0.233352779398264,88.6817259385197,3.76057343034324,0.00223132111964285,20.0353003990571,1.35105888659274,0.5756,WorldBank,2026-07-15T01:51:34.937816+00:00,20260715T015053Z
JPN,Japan,2022,1.33164750653741,2.49770278172255,89.9707516343257,2.0281112293848,,28.3391798468259,2.4439279415333,0.6347,WorldBank,2026-07-15T01:51:34.937816+00:00,20260715T015053Z
JPN,Japan,2023,0.720785304749811,3.26813365933163,87.2798853157027,3.61127531871255,,25.894896548225,1.77262134601493,0.613,WorldBank,2026-07-15T01:51:34.937816+00:00,20260715T015053Z
JPN,Japan,2024,-0.240084236041696,2.73853681635241,,4.62202410018024,,22.6849124457109,1.39430977776367,,WorldBank,2026-07-15T01:51:34.937816+00:00,20260715T015053Z
JPN,Japan,2025,1.19311288444599,3.17253034260248,,4.86496093471918,,19.5782266987247,1.18502310670015,,WorldBank,2026-07-15T01:51:34.937816+00:00,20260715T015053Z
KOR,"Korea, Rep.",1998,,,,,0.00423666970660155,,,,WorldBank,2026-07-15T01:51:34.937816+00:00,20260715T015053Z
KOR,"Korea, Rep.",1999,,,,,0.00668755018612009,,,,WorldBank,2026-07-15T01:51:34.937816+00:00,20260715T015053Z
KOR,"Korea, Rep.",2000,,,88.8626965698761,,0.0171114384123705,,,,WorldBank,2026-07-15T01:51:34.937816+00:00,20260715T015053Z
KOR,"Korea, Rep.",2001,,,87.8727448945928,,0.0117084529963086,,,,WorldBank,2026-07-15T01:51:34.937816+00:00,20260715T015053Z
KOR,"Korea, Rep.",2002,7.74399895319569,2.76226210296599,86.5041194029852,0.625539996245813,0.00957433571508732,21.3188394842764,4.03256692073535,0.5931,WorldBank,2026-07-15T01:51:34.937816+00:00,20260715T015053Z
KOR,"Korea, Rep.",2003,3.07472661826947,3.51487451459939,87.342289824528,1.55223664563709,0.0089188228034682,21.6018297631081,3.56106107839375,0.5922,WorldBank,2026-07-15T01:51:34.937816+00:00,20260715T015053Z
KOR,"Korea, Rep.",2004,5.1836368597334,3.59066298882578,87.7224900959861,3.55783305096389,0.0104071686453881,22.3996871545841,4.14877491088135,0.591,WorldBank,2026-07-15T01:51:34.937816+00:00,20260715T015053Z
KOR,"Korea, Rep.",2005,4.35823667337156,2.75379162735039,83.4372030897407,1.25636444462509,0.0152754218373255,25.8391026485185,5.52335288427246,0.6188,WorldBank,2026-07-15T01:51:34.937816+00:00,20260715T015053Z
KOR,"Korea, Rep.",2006,5.24500550580342,2.24234028518921,86.8088364889406,0.191275272898578,0.0186508346760964,28.0260177598506,6.42800081719723,0.6375,WorldBank,2026-07-15T01:51:34.937816+00:00,20260715T015053Z
KOR,"Korea, Rep.",2007,5.8419633918717,2.53457382137932,85.362445932308,0.857760495298849,0.0198193989631689,27.043817851893,6.63053786115898,0.6285,WorldBank,2026-07-15T01:51:34.937816+00:00,20260715T015053Z
KOR,"Korea, Rep.",2008,3.00440451679569,4.67389655533408,85.5983565577476,0.160592800145373,0.0327981749761399,32.7416562363081,9.11241113109065,0.6673,WorldBank,2026-07-15T01:51:34.937816+00:00,20260715T015053Z
KOR,"Korea, Rep.",2009,0.81986175641795,2.7564965449393,86.2663997166972,3.36575830090763,0.023956728591914,28.3733777441257,6.54303370361556,0.6293,WorldBank,2026-07-15T01:51:34.937816+00:00,20260715T015053Z
KOR,"Korea, Rep.",2010,6.98166138853071,2.93928652655686,88.0806254621201,2.34320897623578,0.0438448106743931,28.8320478352401,6.98564233302644,0.6362,WorldBank,2026-07-15T01:51:34.937816+00:00,20260715T015053Z
KOR,"Korea, Rep.",2011,3.6880320602952,4.0259650043609,87.2305405207769,1.27290610804572,0.0596703107786387,33.1182330240318,9.56161116916152,0.6667,WorldBank,2026-07-15T01:51:34.937816+00:00,20260715T015053Z
KOR,"Korea, Rep.",2012,2.54766550568242,2.18707104433314,86.5466828850083,3.65378622367594,0.0569097069190274,35.8349824301769,10.4940639270131,0.6762,WorldBank,2026-07-15T01:51:34.937816+00:00,20260715T015053Z
KOR,"Korea, Rep.",2013,3.2913959543442,1.30134754547413,88.0801849923646,5.38513504027402,0.0461384584384727,34.9962644168907,9.66955779780818,0.6658,WorldBank,2026-07-15T01:51:34.937816+00:00,20260715T015053Z
KOR,"Korea, Rep.",2014,3.21468019683108,1.27477446401322,86.8693911585965,5.33522703805369,0.0403191275638592,33.4346210508632,9.19087254809735,0.6555,WorldBank,2026-07-15T01:51:34.937816+00:00,20260715T015053Z
KOR,"Korea, Rep.",2015,2.92029267301234,0.70633177245575,86.7300628107977,6.82937629347486,0.0184101263141833,23.6893542054415,6.28827621295043,0.5883,WorldBank,2026-07-15T01:51:34.937816+00:00,20260715T015053Z
KOR,"Korea, Rep.",2016,3.17152748983935,0.971685739912168,86.9376320928771,6.20103649558332,0.0154774466539604,20.1280517743827,5.5492872250197,0.5677,WorldBank,2026-07-15T01:51:34.937816+00:00,20260715T015053Z
KOR,"Korea, Rep.",2017,3.433191763972,1.94433230786366,88.471036646429,4.39896168114518,0.0156129162216889,22.9801440618897,6.34576276711752,0.5923,WorldBank,2026-07-15T01:51:34.937816+00:00,20260715T015053Z
KOR,"Korea, Rep.",2018,3.17611568177327,1.47583935002645,89.4697678996836,4.24648147146115,0.0251346708672274,27.4584823272781,7.93460902634461,0.6218,WorldBank,2026-07-15T01:51:34.937816+00:00,20260715T015053Z
KOR,"Korea, Rep.",2019,2.31380210595475,0.383000303608136,88.1562990760159,3.40802631398853,0.0191641999802525,25.3030607433492,7.7796164250441,0.6102,WorldBank,2026-07-15T01:51:34.937816+00:00,20260715T015053Z
KOR,"Korea, Rep.",2020,-0.700242317542106,0.537288023411737,84.5177411090491,4.38648608581777,0.00898681274589818,18.512524292261,4.96538608506398,0.5623,WorldBank,2026-07-15T01:51:34.937816+00:00,20260715T015053Z
KOR,"Korea, Rep.",2021,4.61296795454287,2.49833333333339,84.9035262985875,4.31851487245382,0.0283124162355571,22.366824761867,6.20942713728516,0.5873,WorldBank,2026-07-15T01:51:34.937816+00:00,20260715T015053Z
KOR,"Korea, Rep.",2022,2.72756456708991,5.08951365062842,85.4997854961215,1.29147917850335,,29.9002241632218,9.47277423929597,0.6454,WorldBank,2026-07-15T01:51:34.937816+00:00,20260715T015053Z
KOR,"Korea, Rep.",2023,1.58301467403629,3.5974562502901,84.6000911986392,1.76334472698699,,26.6678710042175,8.55361920375165,0.6229,WorldBank,2026-07-15T01:51:34.937816+00:00,20260715T015053Z
KOR,"Korea, Rep.",2024,2.00361101838986,2.32174328643542,,5.33081628105267,,25.6591897286102,7.70232630112563,,WorldBank,2026-07-15T01:51:34.937816+00:00,20260715T015053Z
KOR,"Korea, Rep.",2025,1.00701840291242,2.12309421458659,,6.57207036660681,,,,,WorldBank,2026-07-15T01:51:34.937816+00:00,20260715T015053Z
KWT,Kuwait,1998,,,,,27.927039066817,,,,WorldBank,2026-07-15T01:51:34.937816+00:00,20260715T015053Z
KWT,Kuwait,1999,,,,,33.8805324667688,,,,WorldBank,2026-07-15T01:51:34.937816+00:00,20260715T015053Z
KWT,Kuwait,2000,,,-513.18094649729,,50.2892381187247,,,,WorldBank,2026-07-15T01:51:34.937816+00:00,20260715T015053Z
KWT,Kuwait,2001,,,-462.571287959933,,42.7980143074398,,,,WorldBank,2026-07-15T01:51:34.937816+00:00,20260715T015053Z
KWT,Kuwait,2002,3.01428315192251,0.888450148074907,-401.256468610374,11.1829070467622,37.2003716194143,0.48964543945521,92.4986204166316,0.2423,WorldBank,2026-07-15T01:51:34.937816+00:00,20260715T015053Z
KWT,Kuwait,2003,17.3260204175143,0.961350293542112,-460.654714815764,19.6850434098774,39.816851302288,0.535608873328874,93.4376463361072,0.1929,WorldBank,2026-07-15T01:51:34.937816+00:00,20260715T015053Z
KWT,Kuwait,2004,10.2402980586354,1.24856443679889,-452.24359168448,26.0905307506551,46.1128336408051,0.492913760988872,94.598596572397,0.1751,WorldBank,2026-07-15T01:51:34.937816+00:00,20260715T015053Z
KWT,Kuwait,2005,10.6090449840228,4.14297583631023,,37.2166556465422,53.3164834648164,,,,WorldBank,2026-07-15T01:51:34.937816+00:00,20260715T015053Z
KWT,Kuwait,2006,7.51477300024021,3.05701339166722,,44.6169422787984,51.0394540758358,0.519300552513151,96.4752875038565,,WorldBank,2026-07-15T01:51:34.937816+00:00,20260715T015053Z
KWT,Kuwait,2007,5.99157551059315,5.48494983277596,,36.0539760535066,48.1550015709463,0.563366749418025,96.3029607314663,,WorldBank,2026-07-15T01:51:34.937816+00:00,20260715T015053Z
KWT,Kuwait,2008,2.47975694278544,10.5827097865144,,40.8735629968814,52.8912935555667,0.591364595163988,96.4909871739516,,WorldBank,2026-07-15T01:51:34.937816+00:00,20260715T015053Z
KWT,Kuwait,2009,-7.07605643073411,4.60959548447787,-341.337129762914,27.3403414829886,38.854853146546,,93.2082155716075,,WorldBank,2026-07-15T01:51:34.937816+00:00,20260715T015053Z
KWT,Kuwait,2010,-2.37054804425912,4.49640287769787,-308.021563767705,32.0485537270105,48.1906069290048,0.732041807465664,92.7518711482029,0.2117,WorldBank,2026-07-15T01:51:34.937816+00:00,20260715T015053Z
KWT,Kuwait,2011,9.62863419534361,4.8394034987095,-370.745259527575,42.9408981326277,58.3689295808333,0.628340048779956,94.8418724155951,0.1523,WorldBank,2026-07-15T01:51:34.937816+00:00,20260715T015053Z
KWT,Kuwait,2012,6.62587485078971,3.25514600287211,-397.642105667886,45.4600006397631,57.4129637304674,,,,WorldBank,2026-07-15T01:51:34.937816+00:00,20260715T015053Z
KWT,Kuwait,2013,1.14946552780648,2.68229684085039,-399.28575806883,39.89983649926,55.5579394462588,0.692094629269785,94.2171787337716,0.1518,WorldBank,2026-07-15T01:51:34.937816+00:00,20260715T015053Z
KWT,Kuwait,2014,0.500914669444924,2.90892672858625,-427.523211193907,33.1790758712171,53.239569150436,0.647230572048134,95.2169457886681,0.1626,WorldBank,2026-07-15T01:51:34.937816+00:00,20260715T015053Z
KWT,Kuwait,2015,0.592770817217982,3.27170166092133,-356.959279551447,7.49155631840309,36.4482994431389,0.627563794876219,92.4993007083526,0.2718,WorldBank,2026-07-15T01:51:34.937816+00:00,20260715T015053Z
KWT,Kuwait,2016,2.92607584256388,3.19839776658374,-357.431130278287,0.586532843484052,31.6732106195044,0.535971444272376,92.7391106201563,0.2932,WorldBank,2026-07-15T01:51:34.937816+00:00,20260715T015053Z
KWT,Kuwait,2017,-4.71222270495362,2.17183298510006,-316.191700855716,6.42748123295125,36.0090908245608,0.50752730214109,93.5741930367838,0.2898,WorldBank,2026-07-15T01:51:34.937816+00:00,20260715T015053Z
KWT,Kuwait,2018,2.74333045031415,0.543133148199567,-301.773136849532,17.3456575415954,44.0490671354298,0.578542019505365,90.8951500827978,0.2605,WorldBank,2026-07-15T01:51:34.937816+00:00,20260715T015053Z
KWT,Kuwait,2019,2.26381706595791,1.09184802655856,-338.02165504483,21.4792265638837,38.6553473115018,0.543925132407544,94.3677444960455,0.2333,WorldBank,2026-07-15T01:51:34.937816+00:00,20260715T015053Z
KWT,Kuwait,2020,-4.81731593381585,2.101729548274,-295.773092498475,19.8384588490022,27.5816891390019,0.440049501822489,92.8791686402667,0.2538,WorldBank,2026-07-15T01:51:34.937816+00:00,20260715T015053Z
KWT,Kuwait,2021,1.67213054307859,3.42362947609188,-309.069193040756,23.5545486012366,,0.510446085382964,94.6305212160108,0.2373,WorldBank,2026-07-15T01:51:34.937816+00:00,20260715T015053Z
KWT,Kuwait,2022,6.75866711966617,3.98064961990313,-283.096624591869,34.3743300781264,,0.549235469145377,96.0382613795238,0.2124,WorldBank,2026-07-15T01:51:34.937816+00:00,20260715T015053Z
KWT,Kuwait,2023,-1.64087799968877,3.64216403030709,,31.0620887768465,,0.638353488644737,95.5164366055485,,WorldBank,2026-07-15T01:51:34.937816+00:00,20260715T015053Z
KWT,Kuwait,2024,-1.47401818168846,2.89855072463762,,29.025293802042,,0.558315899817561,90.7321487415169,,WorldBank,2026-07-15T01:51:34.937816+00:00,20260715T015053Z
KWT,Kuwait,2025,2.731825804492,2.36195936682045,,22.6972052506544,,,,,WorldBank,2026-07-15T01:51:34.937816+00:00,20260715T015053Z
OMN,Oman,1998,,,,,22.5419118763231,,,,WorldBank,2026-07-15T01:51:34.937816+00:00,20260715T015053Z
OMN,Oman,1999,,,,,31.1434378961453,,,,WorldBank,2026-07-15T01:51:34.937816+00:00,20260715T015053Z
OMN,Oman,2000,,,-700.151912279417,,44.475781466106,,,,WorldBank,2026-07-15T01:51:34.937816+00:00,20260715T015053Z
OMN,Oman,2001,,,-744.488600449349,,36.285347329679,,,,WorldBank,2026-07-15T01:51:34.937816+00:00,20260715T015053Z
OMN,Oman,2002,-0.784165786429256,-0.279578822571373,-665.296666460475,8.41611510142411,33.51317909328,2.21099670716058,77.4715518284881,0.1629,WorldBank,2026-07-15T01:51:34.937816+00:00,20260715T015053Z
OMN,Oman,2003,-2.19466567976842,0.231328682267143,-604.858818227936,5.87796132532781,33.3255110511249,40.4725193561214,76.8245303964233,0.4384,WorldBank,2026-07-15T01:51:34.937816+00:00,20260715T015053Z
OMN,Oman,2004,1.99251510973346,0.624969062631367,-557.407623582557,3.08879459662564,36.7966643908859,2.47824859905819,91.0888368510134,0.2223,WorldBank,2026-07-15T01:51:34.937816+00:00,20260715T015053Z
OMN,Oman,2005,2.77944360306151,1.90983553531865,-498.395599523908,14.5817585186487,42.841561539357,4.08748851912262,91.8263316844317,0.2178,WorldBank,2026-07-15T01:51:34.937816+00:00,20260715T015053Z
OMN,Oman,2006,4.66981481939328,3.54498591605033,-290.341271265635,13.2991735436226,40.7520000982427,3.28110907724415,91.390046872855,0.2951,WorldBank,2026-07-15T01:51:34.937816+00:00,20260715T015053Z
OMN,Oman,2007,4.98065467051528,5.8304841809271,-233.666401848422,5.09706270360499,37.7986997972135,3.47991645646573,89.0570672014474,0.3441,WorldBank,2026-07-15T01:51:34.937816+00:00,20260715T015053Z
OMN,Oman,2008,8.95005895005896,12.3754091529912,-270.02228968615,7.22971355183887,37.9131008037865,2.67212829415263,86.3796075991984,0.3184,WorldBank,2026-07-15T01:51:34.937816+00:00,20260715T015053Z
OMN,Oman,2009,5.98196694904402,3.46881023754893,-286.981730301876,-0.784047994334517,30.5131215016084,5.64489138873598,74.9705083996091,0.3568,WorldBank,2026-07-15T01:51:34.937816+00:00,20260715T015053Z
OMN,Oman,2010,2.47199856582773,3.25657959078624,-253.019417151175,7.59476361744698,32.5688653439524,7.35322116302104,77.7587802690782,0.3535,WorldBank,2026-07-15T01:51:34.937816+00:00,20260715T015053Z
OMN,Oman,2011,2.89460973541192,4.0421886711639,-211.232617530338,11.4435714770699,40.4074409203453,10.7710557855476,74.3678691335376,0.3787,WorldBank,2026-07-15T01:51:34.937816+00:00,20260715T015053Z
OMN,Oman,2012,8.86312225557018,2.94773495257209,-199.353867852314,8.99068507231773,37.5396768679582,8.59144206568906,83.5370778993057,0.3772,WorldBank,2026-07-15T01:51:34.937816+00:00,20260715T015053Z
OMN,Oman,2013,5.22770408145942,1.05354820265932,-205.440313073139,5.87992091672239,35.9895065337986,22.2549036307428,82.6128731508305,0.4723,WorldBank,2026-07-15T01:51:34.937816+00:00,20260715T015053Z
OMN,Oman,2014,1.29225229411081,1.01401483924156,-199.825281621669,4.62995815380296,31.6791185960483,6.16590688110452,81.6727512854849,0.3755,WorldBank,2026-07-15T01:51:34.937816+00:00,20260715T015053Z
OMN,Oman,2015,5.01705799719045,0.0652901330286599,-200.504976857989,-13.7812835379107,18.8680645519097,11.5681307984911,76.1568860871844,0.4691,WorldBank,2026-07-15T01:51:34.937816+00:00,20260715T015053Z
OMN,Oman,2016,5.04642394571691,1.10920805807027,-217.044049720009,-16.6107645205388,16.2724873177614,8.38313633341283,76.052172528574,0.4517,WorldBank,2026-07-15T01:51:34.937816+00:00,20260715T015053Z
OMN,Oman,2017,0.304057565922449,1.58909413567799,-191.670098235702,-13.6143943671898,19.3050063067708,5.89830419656873,73.6831825643426,0.4357,WorldBank,2026-07-15T01:51:34.937816+00:00,20260715T015053Z
OMN,Oman,2018,1.28710391543288,0.889312370970404,-209.920235545035,-4.85027419563219,23.7087990780384,5.60015672672748,75.1858802471844,0.3987,WorldBank,2026-07-15T01:51:34.937816+00:00,20260715T015053Z
OMN,Oman,2019,-1.12863801728058,0.490815362820671,-240.700240228548,-4.91818869978251,21.6117797561797,1.44609581751446,76.3087021288282,0.3607,WorldBank,2026-07-15T01:51:34.937816+00:00,20260715T015053Z
OMN,Oman,2020,-3.37972052697999,-0.40640291946585,-204.88040965846,-16.5486765828435,14.994277961787,7.3716591900509,63.6348897569431,0.4496,WorldBank,2026-07-15T01:51:34.937816+00:00,20260715T015053Z
OMN,Oman,2021,2.5821749892893,1.68221185876085,-202.898292759501,-5.53764911438897,23.5387435070386,11.5017622261472,65.2855836380628,0.4412,WorldBank,2026-07-15T01:51:34.937816+00:00,20260715T015053Z
OMN,Oman,2022,7.98570728354278,2.5061425061425,-213.629416330893,3.65021452080103,,24.151039784692,74.0383980013691,0.4885,WorldBank,2026-07-15T01:51:34.937816+00:00,20260715T015053Z
OMN,Oman,2023,1.41401383200161,0.950782997762827,,2.29211299044439,,23.8907312700537,74.1913838927866,,WorldBank,2026-07-15T01:51:34.937816+00:00,20260715T015053Z
OMN,Oman,2024,1.63163231397978,0.593589236248469,,2.86434019736537,,23.8809021515357,77.1995042110729,,WorldBank,2026-07-15T01:51:34.937816+00:00,20260715T015053Z
OMN,Oman,2025,2.39787382295398,0.967741935483928,,,,,,,WorldBank,2026-07-15T01:51:34.937816+00:00,20260715T015053Z
PAK,Pakistan,1998,,,,,0.235044426782297,,,,WorldBank,2026-07-15T01:51:34.937816+00:00,20260715T015053Z
PAK,Pakistan,1999,,,,,0.410262653806964,,,,WorldBank,2026-07-15T01:51:34.937816+00:00,20260715T015053Z
PAK,Pakistan,2000,,,27.075243964497,,0.57523060801743,,,,WorldBank,2026-07-15T01:51:34.937816+00:00,20260715T015053Z
PAK,Pakistan,2001,,,25.1555854534493,,0.499846315824726,,,,WorldBank,2026-07-15T01:51:34.937816+00:00,20260715T015053Z
PAK,Pakistan,2002,2.59481668445784,3.29034472613153,24.391055188242,3.93573326208505,0.55283472801061,27.0612873783216,1.93553718386706,0.5958,WorldBank,2026-07-15T01:51:34.937816+00:00,20260715T015053Z
PAK,Pakistan,2003,5.40131087314342,2.91413470059479,20.7973571927409,3.17962013910419,0.522591846064124,23.5505588576552,2.30724345077015,0.5744,WorldBank,2026-07-15T01:51:34.937816+00:00,20260715T015053Z
PAK,Pakistan,2004,7.83125556961251,7.44462469342739,21.0551650169282,-0.617928012719509,0.661270328742457,21.3449205499513,2.41400103063988,0.5726,WorldBank,2026-07-15T01:51:34.937816+00:00,20260715T015053Z
PAK,Pakistan,2005,7.2765744364722,9.06332737030417,20.489384666251,-2.48346235681318,0.913653665209943,21.1596199510135,4.23292058651293,0.5772,WorldBank,2026-07-15T01:51:34.937816+00:00,20260715T015053Z
PAK,Pakistan,2006,6.05163767569996,7.92108440058789,23.1057394647007,-4.16812395772995,0.883595451345289,25.7569562895676,5.00286798660188,0.613,WorldBank,2026-07-15T01:51:34.937816+00:00,20260715T015053Z
PAK,Pakistan,2007,4.4448143398844,7.59868441050774,24.2870019462972,-4.50796175781862,0.947147229187945,25.6231337982013,5.77365206239681,0.6137,WorldBank,2026-07-15T01:51:34.937816+00:00,20260715T015053Z
PAK,Pakistan,2008,2.1204410433083,20.2861210929554,24.5198691321657,-7.74194351471585,1.0846584932923,33.2258087396449,6.18163514554564,0.6728,WorldBank,2026-07-15T01:51:34.937816+00:00,20260715T015053Z
PAK,Pakistan,2009,3.47255059567348,13.6477650639761,23.8982515314628,-2.13167355660601,0.525570260608523,27.9822668885306,4.11602958270657,0.621,WorldBank,2026-07-15T01:51:34.937816+00:00,20260715T015053Z
PAK,Pakistan,2010,1.50171752152883,12.9388705634889,24.1654977748004,-0.688324235118166,0.72864364053068,30.3856053528901,5.71119451483388,0.6318,WorldBank,2026-07-15T01:51:34.937816+00:00,20260715T015053Z
PAK,Pakistan,2011,2.68011685421705,11.9160927116277,23.0335362134322,-0.957124213324854,1.01863575475154,34.1287051270318,5.21587114782379,0.6562,WorldBank,2026-07-15T01:51:34.937816+00:00,20260715T015053Z
PAK,Pakistan,2012,3.02758391088629,9.68235186055684,23.0901671614358,-0.936399348037174,1.0633112529615,36.3966048300707,1.35053487428845,0.6707,WorldBank,2026-07-15T01:51:34.937816+00:00,20260715T015053Z
PAK,Pakistan,2013,4.36686504978387,7.69215611899565,23.7426301554015,-1.70727876868057,1.06026413011729,34.8300587014437,2.10463441086617,0.6634,WorldBank,2026-07-15T01:51:34.937816+00:00,20260715T015053Z
PAK,Pakistan,2014,4.11642817161422,7.18938402847028,26.3454371170871,-1.34787339235798,0.93400190583338,31.2592036828658,2.64194644110697,0.6404,WorldBank,2026-07-15T01:51:34.937816+00:00,20260715T015053Z
PAK,Pakistan,2015,4.21794209572506,2.52932817254229,29.0045925555989,-0.934446742353906,0.333804259360431,22.9026747369492,1.21065579156664,0.5866,WorldBank,2026-07-15T01:51:34.937816+00:00,20260715T015053Z
PAK,Pakistan,2016,6.57383828511043,3.7651191635658,33.3820988770975,-2.29279660651385,0.187153081394228,20.3598805342604,0.761514396551207,0.5764,WorldBank,2026-07-15T01:51:34.937816+00:00,20260715T015053Z
PAK,Pakistan,2017,4.43262590683975,4.08537368032608,39.1478409126632,-4.76985760466006,0.300559741011292,23.9682688692301,1.2032443709099,0.6096,WorldBank,2026-07-15T01:51:34.937816+00:00,20260715T015053Z
PAK,Pakistan,2018,6.15170261099519,5.07805725868917,35.5257059693009,-5.29556175645778,0.443490416507805,28.65417591,2.13426606062679,0.6399,WorldBank,2026-07-15T01:51:34.937816+00:00,20260715T015053Z
PAK,Pakistan,2019,2.49763692943365,10.5780305672025,33.5162433021545,-2.66677325730292,0.358191529536938,28.8143249195913,1.59922046539897,0.6317,WorldBank,2026-07-15T01:51:34.937816+00:00,20260715T015053Z
PAK,Pakistan,2020,-1.27408744338709,9.74011619320125,38.9537236935755,-0.216650637871501,0.159470063577414,22.5442842489681,0.873349137853699,0.5857,WorldBank,2026-07-15T01:51:34.937816+00:00,20260715T015053Z
PAK,Pakistan,2021,6.51388575852702,9.49641577285205,41.5848203083345,-3.52439577565177,0.380197434318265,26.5324535784544,0.708780532335282,0.6229,WorldBank,2026-07-15T01:51:34.937816+00:00,20260715T015053Z
PAK,Pakistan,2022,4.7781068690358,19.8738599646655,39.7925509388676,-3.25858181478804,,35.3089464121397,1.19408655456312,0.6775,WorldBank,2026-07-15T01:51:34.937816+00:00,20260715T015053Z
PAK,Pakistan,2023,-0.414935997088406,30.7681280657005,,-0.308630136387276,,33.4577472562169,0.583319121620756,,WorldBank,2026-07-15T01:51:34.937816+00:00,20260715T015053Z
PAK,Pakistan,2024,3.08176295579301,12.6325318530452,,0.124893414067427,,31.5307261348732,1.71807476906982,,WorldBank,2026-07-15T01:51:34.937816+00:00,20260715T015053Z
PAK,Pakistan,2025,3.69842668749033,3.54555214890893,,-0.109990064562897,,,,,WorldBank,2026-07-15T01:51:34.937816+00:00,20260715T015053Z
QAT,Qatar,1998,,,,,26.4784043103748,,,,WorldBank,2026-07-15T01:51:34.937816+00:00,20260715T015053Z
QAT,Qatar,1999,,,,,32.8896055971835,,,,WorldBank,2026-07-15T01:51:34.937816+00:00,20260715T015053Z
QAT,Qatar,2000,,,-461.044772856456,,40.7661397416806,,,,WorldBank,2026-07-15T01:51:34.937816+00:00,20260715T015053Z
QAT,Qatar,2001,,,-428.99090517088,,34.9268648116195,,,,WorldBank,2026-07-15T01:51:34.937816+00:00,20260715T015053Z
QAT,Qatar,2002,7.18252331136711,0.239999999999952,-370.537051029118,,31.8348108510858,0.662165231468863,89.3048817670036,,WorldBank,2026-07-15T01:51:34.937816+00:00,20260715T015053Z
QAT,Qatar,2003,3.7199194981967,2.26456504389469,,,33.8929726986092,0.562390593370487,92.3240924687122,,WorldBank,2026-07-15T01:51:34.937816+00:00,20260715T015053Z
QAT,Qatar,2004,19.2185032411244,6.79933665008279,-403.478441513785,,34.825040164201,0.501404351799048,87.601550193793,,WorldBank,2026-07-15T01:51:34.937816+00:00,20260715T015053Z
QAT,Qatar,2005,7.49272803754515,8.81439532334683,-433.201721460375,,38.1771562134119,0.240973233382227,85.0601617861359,,WorldBank,2026-07-15T01:51:34.937816+00:00,20260715T015053Z
QAT,Qatar,2006,26.17039955781,11.8358096197431,-404.593052030533,,34.1520126219521,0.597016896672808,90.8536097539166,,WorldBank,2026-07-15T01:51:34.937816+00:00,20260715T015053Z
QAT,Qatar,2007,17.9852165615129,13.7581625759964,-398.626815705122,,30.8003611618771,0.528899341676845,90.657961505625,,WorldBank,2026-07-15T01:51:34.937816+00:00,20260715T015053Z
QAT,Qatar,2008,17.6630346842674,15.0501451570333,-485.961776245768,,32.6040710093919,0.665276141302705,92.0990432261148,,WorldBank,2026-07-15T01:51:34.937816+00:00,20260715T015053Z
QAT,Qatar,2009,11.9575512911227,-4.86327801622565,-484.921921581576,,23.0165618959946,,73.9077903042904,,WorldBank,2026-07-15T01:51:34.937816+00:00,20260715T015053Z
QAT,Qatar,2010,16.7315558489187,-2.42525675161714,-552.964982586372,,26.6026039782648,0.891844783830712,92.5548513080755,,WorldBank,2026-07-15T01:51:34.937816+00:00,20260715T015053Z
QAT,Qatar,2011,13.0214050496923,1.13836623529202,-668.988044936118,31.0675107947676,29.9468705202351,,92.9962018469401,,WorldBank,2026-07-15T01:51:34.937816+00:00,20260715T015053Z
QAT,Qatar,2012,4.62623675511804,2.31534853431661,-491.825593531981,33.1847245628586,28.3389822463275,1.1006750064302,88.0489136744168,0.1412,WorldBank,2026-07-15T01:51:34.937816+00:00,20260715T015053Z
QAT,Qatar,2013,4.43070196521455,3.22197756829293,-467.432205774208,30.4240457483909,25.3595869913171,0.966381480210687,89.9813548660954,0.1585,WorldBank,2026-07-15T01:51:34.937816+00:00,20260715T015053Z
QAT,Qatar,2014,4.11911527912761,3.34972085659523,-480.745392700726,23.9592611415734,21.5388184142326,1.10264235303482,87.8136789876161,0.1751,WorldBank,2026-07-15T01:51:34.937816+00:00,20260715T015053Z
QAT,Qatar,2015,4.75334572438737,1.8140772393776,-479.505760954495,8.50181028353524,13.0300594635573,1.16117112230141,83.6583736058125,0.2258,WorldBank,2026-07-15T01:51:34.937816+00:00,20260715T015053Z
QAT,Qatar,2016,3.06419188430156,2.6765917009819,-495.965255306416,-5.45006694867961,11.1615579117458,0.944230355697495,85.0429975482696,0.2632,WorldBank,2026-07-15T01:51:34.937816+00:00,20260715T015053Z
QAT,Qatar,2017,-1.49760470227838,0.394878914083005,-420.581659623901,3.98856887721847,13.5394624768111,1.55093802612668,87.5565130224043,0.265,WorldBank,2026-07-15T01:51:34.937816+00:00,20260715T015053Z
QAT,Qatar,2018,1.23487220191065,0.255815382724408,-427.396102425305,9.08293669883969,16.2911609453974,1.39528402033389,86.1296391093726,0.245,WorldBank,2026-07-15T01:51:34.937816+00:00,20260715T015053Z
QAT,Qatar,2019,0.688240954592672,-0.666641124861147,-420.352957663,2.41529709778,14.5084244384971,1.79772440584496,88.8105651715138,0.2717,WorldBank,2026-07-15T01:51:34.937816+00:00,20260715T015053Z
QAT,Qatar,2020,-3.5576039896784,-2.5403150300476,-421.519760158898,-2.06750647346493,10.5957303632833,0.825467899324436,81.8145904890777,0.2795,WorldBank,2026-07-15T01:51:34.937816+00:00,20260715T015053Z
QAT,Qatar,2021,1.62684671918775,2.30446565742003,-407.478877315299,14.6435967825643,15.2784667126988,1.01294301830244,84.4038969131069,0.2322,WorldBank,2026-07-15T01:51:34.937816+00:00,20260715T015053Z
QAT,Qatar,2022,4.18500970982862,4.99527553740761,-396.072574936239,26.7778361978623,,1.72404279932948,87.2912521641352,0.2019,WorldBank,2026-07-15T01:51:34.937816+00:00,20260715T015053Z
QAT,Qatar,2023,1.18715991623776,3.02764899198902,,17.1136863378173,,2.35911458363442,86.5414333242433,,WorldBank,2026-07-15T01:51:34.937816+00:00,20260715T015053Z
QAT,Qatar,2024,3.10963283242745,1.26734310292375,,17.5152925396793,,6.19519486962221,83.7597865976017,,WorldBank,2026-07-15T01:51:34.937816+00:00,20260715T015053Z
QAT,Qatar,2025,2.90166036660493,,,14.8111802018003,,,,,WorldBank,2026-07-15T01:51:34.937816+00:00,20260715T015053Z
SAU,Saudi Arabia,1998,,,,,21.2667758956326,,,,WorldBank,2026-07-15T01:51:34.937816+00:00,20260715T015053Z
SAU,Saudi Arabia,1999,,,,,27.124767270241,,,,WorldBank,2026-07-15T01:51:34.937816+00:00,20260715T015053Z
SAU,Saudi Arabia,2000,,,-348.213745162547,,41.6691708446825,,,,WorldBank,2026-07-15T01:51:34.937816+00:00,20260715T015053Z
SAU,Saudi Arabia,2001,,,-325.783228284745,,33.3526627413963,,,,WorldBank,2026-07-15T01:51:34.937816+00:00,20260715T015053Z
SAU,Saudi Arabia,2002,-0.688390130317757,0.247186492339686,-251.374590953102,6.26198626765416,31.342447837027,0.209766281847762,89.632681945671,0.3128,WorldBank,2026-07-15T01:51:34.937816+00:00,20260715T015053Z
SAU,Saudi Arabia,2003,8.76873381743964,0.612195358172966,-304.056898022563,12.9967291873384,37.0345220176731,0.232764138817858,89.6778492659469,0.2714,WorldBank,2026-07-15T01:51:34.937816+00:00,20260715T015053Z
SAU,Saudi Arabia,2004,8.63100545880309,0.5155078977673,-327.812890446441,20.0686191554423,42.6409301097693,0.231628067762395,89.8201774712183,0.2397,WorldBank,2026-07-15T01:51:34.937816+00:00,20260715T015053Z
SAU,Saudi Arabia,2005,5.94489623934835,0.479231671630955,-327.78579329972,27.0702838379988,48.8606315090549,0.21917085243042,91.041350268177,0.217,WorldBank,2026-07-15T01:51:34.937816+00:00,20260715T015053Z
SAU,Saudi Arabia,2006,3.31348473625901,2.20902314069647,-294.220788761899,27.4448874249269,49.6700972841917,0.222820694275881,90.9813789166803,0.2285,WorldBank,2026-07-15T01:51:34.937816+00:00,20260715T015053Z
SAU,Saudi Arabia,2007,2.21365396372528,4.16782358431579,-260.343119888032,24.5483035341762,47.4394429695294,0.216628656432338,90.171950238549,0.2505,WorldBank,2026-07-15T01:51:34.937816+00:00,20260715T015053Z
SAU,Saudi Arabia,2008,6.2379875365458,9.87024816760266,-247.605329375852,27.8314305903978,54.085800995618,0.228185920135472,91.3714832745092,0.2448,WorldBank,2026-07-15T01:51:34.937816+00:00,20260715T015053Z
SAU,Saudi Arabia,2009,-1.06671711240203,5.0572227614833,-197.276525003426,5.88427740874122,34.6315417084598,0.221860042132085,87.8041747949147,0.3344,WorldBank,2026-07-15T01:51:34.937816+00:00,20260715T015053Z
SAU,Saudi Arabia,2010,5.0395150823517,5.33941733020905,-174.572051159403,13.5423706949189,37.9011314342465,0.228171135731249,87.6208624921467,0.3183,WorldBank,2026-07-15T01:51:34.937816+00:00,20260715T015053Z
SAU,Saudi Arabia,2011,11.758820686671,5.8262163739404,-194.479146834173,23.8816335912652,49.1612188808623,0.258549776750607,88.7250786188123,0.2777,WorldBank,2026-07-15T01:51:34.937816+00:00,20260715T015053Z
SAU,Saudi Arabia,2012,5.76157382270968,2.86627029905053,-198.404746766711,22.8484723061974,47.4093852263553,0.430899533228143,88.6274591343223,0.2807,WorldBank,2026-07-15T01:51:34.937816+00:00,20260715T015053Z
SAU,Saudi Arabia,2013,2.94563789152025,3.51104209799866,-196.871813635467,18.3253067776542,44.4564985480281,1.34421828098583,87.5705430575713,0.3017,WorldBank,2026-07-15T01:51:34.937816+00:00,20260715T015053Z
SAU,Saudi Arabia,2014,4.02467158380668,2.24185348779063,-172.635167721495,9.86478118777849,40.3219689900701,1.52108461319454,85.1657914409074,0.3392,WorldBank,2026-07-15T01:51:34.937816+00:00,20260715T015053Z
SAU,Saudi Arabia,2015,4.65512316652699,1.22269318552328,-175.630386958295,-7.93818281494484,23.9567993223384,0.699385840163556,78.4307733758804,0.3902,WorldBank,2026-07-15T01:51:34.937816+00:00,20260715T015053Z
SAU,Saudi Arabia,2016,1.70404739202878,2.05347076823965,-188.313378451395,-3.91268584311643,20.0051771356735,1.24627700192479,77.5498175972453,0.3759,WorldBank,2026-07-15T01:51:34.937816+00:00,20260715T015053Z
SAU,Saudi Arabia,2017,1.18210705878283,-0.834845735027162,-170.01284446789,1.2254608961689,23.6170719123709,2.251505422122,79.8468152028451,0.3727,WorldBank,2026-07-15T01:51:34.937816+00:00,20260715T015053Z
SAU,Saudi Arabia,2018,3.2269508901591,2.46594308994843,-186.869965836857,7.89890750977747,28.0842811588989,3.0498762818163,80.9954096508223,0.3499,WorldBank,2026-07-15T01:51:34.937816+00:00,20260715T015053Z
SAU,Saudi Arabia,2019,1.65158925617395,-1.19298644533328,-177.715405473393,3.64484004485364,24.3295780055005,2.82132536769233,80.0531128894226,0.3656,WorldBank,2026-07-15T01:51:34.937816+00:00,20260715T015053Z
SAU,Saudi Arabia,2020,-3.80478901996312,3.37234961012303,-167.391802328969,-4.51692116727614,15.9789107766923,3.08774435181121,72.5938015741335,0.3975,WorldBank,2026-07-15T01:51:34.937816+00:00,20260715T015053Z
SAU,Saudi Arabia,2021,6.51959698325419,3.06328988941548,-159.988472996237,4.5697627196532,23.6862940574499,4.83660216983911,76.6076971781348,0.3822,WorldBank,2026-07-15T01:51:34.937816+00:00,20260715T015053Z
SAU,Saudi Arabia,2022,12.0005874752929,2.47407371925372,-178.200448812201,11.7294510759777,,7.51651955072706,82.1937028956426,0.3694,WorldBank,2026-07-15T01:51:34.937816+00:00,20260715T015053Z
SAU,Saudi Arabia,2023,0.542592439393161,2.32708518362706,,2.12936729495784,,7.37207884290405,81.3099851483006,,WorldBank,2026-07-15T01:51:34.937816+00:00,20260715T015053Z
SAU,Saudi Arabia,2024,2.64893068308965,1.68792112375809,,-1.29603148573183,,5.65008152666347,79.3976376511523,,WorldBank,2026-07-15T01:51:34.937816+00:00,20260715T015053Z
SAU,Saudi Arabia,2025,4.50246560191663,2.08420853585036,,-2.56365940191401,,,,,WorldBank,2026-07-15T01:51:34.937816+00:00,20260715T015053Z
SGP,Singapore,1998,,,,,0.0,,,,WorldBank,2026-07-15T01:51:34.937816+00:00,20260715T015053Z
SGP,Singapore,1999,,,,,0.0,,,,WorldBank,2026-07-15T01:51:34.937816+00:00,20260715T015053Z
SGP,Singapore,2000,,,218.729473537416,,0.0,,,,WorldBank,2026-07-15T01:51:34.937816+00:00,20260715T015053Z
SGP,Singapore,2001,,,208.664572934777,,0.0,,,,WorldBank,2026-07-15T01:51:34.937816+00:00,20260715T015053Z
SGP,Singapore,2002,3.92336076702013,-0.391676866585049,207.59861227614,14.8770537568056,0.0,13.0569579345863,7.78467758368727,0.5399,WorldBank,2026-07-15T01:51:34.937816+00:00,20260715T015053Z
SGP,Singapore,2003,4.54825542643229,0.507905300237551,189.537024588449,24.3020823146557,0.0,13.4233145803431,8.48131703942424,0.5051,WorldBank,2026-07-15T01:51:34.937816+00:00,20260715T015053Z
SGP,Singapore,2004,9.93998268434957,1.66272719863072,190.07586273938,19.3111213606955,0.0,14.8664240333422,10.0011141121373,0.5306,WorldBank,2026-07-15T01:51:34.937816+00:00,20260715T015053Z
SGP,Singapore,2005,7.36632239250758,0.425106276569107,236.275469317464,23.2604773041195,0.000219094740218199,17.6824482027757,12.1549708258777,0.5533,WorldBank,2026-07-15T01:51:34.937816+00:00,20260715T015053Z
SGP,Singapore,2006,9.00676607871758,0.965657519018511,239.462723776914,26.8933813503311,0.00333182989614928,18.6703874671229,13.0404528247468,0.5491,WorldBank,2026-07-15T01:51:34.937816+00:00,20260715T015053Z
SGP,Singapore,2007,9.02151951268893,2.10980166714574,271.316427060438,27.143332530687,0.00646001510314827,19.873792547379,13.704672783184,0.5679,WorldBank,2026-07-15T01:51:34.937816+00:00,20260715T015053Z
SGP,Singapore,2008,1.86348345462035,6.63544058395309,262.215986853303,15.08343561816,0.0247658429846694,27.0394746112694,18.3182362913508,0.6492,WorldBank,2026-07-15T01:51:34.937816+00:00,20260715T015053Z
SGP,Singapore,2009,0.127953382778088,0.589142019610516,256.852513663809,16.3930632928179,0.0062081095239493,23.8046231618609,15.1717738189152,0.6223,WorldBank,2026-07-15T01:51:34.937816+00:00,20260715T015053Z
SGP,Singapore,2010,14.5197497108994,2.82884527612958,278.36489282559,22.9333472183784,0.0380589445820771,25.9229136527581,16.058408945022,0.6228,WorldBank,2026-07-15T01:51:34.937816+00:00,20260715T015053Z
SGP,Singapore,2011,6.21493416858989,5.25115624639373,318.370020905262,22.2184518342372,0.153787333426844,32.0199067087738,19.4524947487215,0.6792,WorldBank,2026-07-15T01:51:34.937816+00:00,20260715T015053Z
SGP,Singapore,2012,4.43549759378537,4.58084479423094,288.091215185,17.6432739045995,0.142898804490871,32.1041100601305,18.1822013277449,0.6831,WorldBank,2026-07-15T01:51:34.937816+00:00,20260715T015053Z
SGP,Singapore,2013,4.81763099120676,2.36439793742726,267.276576719405,15.707187590209,0.11912189370539,30.125062897521,16.9980670047224,0.6688,WorldBank,2026-07-15T01:51:34.937816+00:00,20260715T015053Z
SGP,Singapore,2014,3.93554027709007,1.03316955857629,275.189793160703,17.9502135491878,0.104388992582944,30.0288415320964,16.5313373923587,0.664,WorldBank,2026-07-15T01:51:34.937816+00:00,20260715T015053Z
SGP,Singapore,2015,2.97679931634806,-0.521975611895763,277.405757867332,18.6930222903094,0.0340084198311141,20.9577337187485,12.1908650025812,0.6044,WorldBank,2026-07-15T01:51:34.937816+00:00,20260715T015053Z
SGP,Singapore,2016,3.91095306322606,-0.529809760375464,274.260261369755,18.0266123608265,0.0289302386437418,17.485981718323,11.0718628236027,0.5832,WorldBank,2026-07-15T01:51:34.937816+00:00,20260715T015053Z
SGP,Singapore,2017,4.32679370770501,0.576763191179996,275.903826650794,18.4885963302097,0.0,22.0850498461686,12.8070800638533,0.6117,WorldBank,2026-07-15T01:51:34.937816+00:00,20260715T015053Z
SGP,Singapore,2018,3.18660848474074,0.438784215129623,273.793180423015,15.6764327413725,0.0,23.7169373923929,13.1200446541319,0.6304,WorldBank,2026-07-15T01:51:34.937816+00:00,20260715T015053Z
SGP,Singapore,2019,1.15877947300108,0.567829988405447,269.815306923958,15.4536632743623,0.0,20.9664439201267,12.2634428523157,0.612,WorldBank,2026-07-15T01:51:34.937816+00:00,20260715T015053Z
SGP,Singapore,2020,-3.61084281729929,-0.172111865925382,264.429457913529,17.6975168735289,0.0,14.9368140922446,8.08880118903498,0.5642,WorldBank,2026-07-15T01:51:34.937816+00:00,20260715T015053Z
SGP,Singapore,2021,10.1410845197192,2.31610315765146,248.668236081717,19.2527773366463,0.0,18.5422923064331,10.0411260925957,0.5763,WorldBank,2026-07-15T01:51:34.937816+00:00,20260715T015053Z
SGP,Singapore,2022,4.01027884472296,6.13095418919732,258.425380474946,18.9227008880076,,22.1348301072055,12.7477293277122,0.604,WorldBank,2026-07-15T01:51:34.937816+00:00,20260715T015053Z
SGP,Singapore,2023,1.45026775889565,4.83372362825798,279.622693982082,16.3916456531586,,20.6710886667694,12.3816136808707,0.6108,WorldBank,2026-07-15T01:51:34.937816+00:00,20260715T015053Z
SGP,Singapore,2024,5.3435120192366,2.38951123595017,,17.2010838902762,,19.0872608524441,11.1356295723316,,WorldBank,2026-07-15T01:51:34.937816+00:00,20260715T015053Z
SGP,Singapore,2025,5.02588199508003,0.902998495002676,,16.7132387250529,,,,,WorldBank,2026-07-15T01:51:34.937816+00:00,20260715T015053Z
THA,Thailand,1998,,,,,0.147065962629727,,,,WorldBank,2026-07-15T01:51:34.937816+00:00,20260715T015053Z
THA,Thailand,1999,,,,,0.259444930626917,,,,WorldBank,2026-07-15T01:51:34.937816+00:00,20260715T015053Z
THA,Thailand,2000,,,44.1327960543727,,0.687313150348311,,,,WorldBank,2026-07-15T01:51:34.937816+00:00,20260715T015053Z
THA,Thailand,2001,,,46.5617427146413,,0.524207577556559,,,,WorldBank,2026-07-15T01:51:34.937816+00:00,20260715T015053Z
THA,Thailand,2002,6.14903605210036,0.697308976625449,46.9962899893864,3.46550516817669,0.526342209841627,11.7417570574402,2.6712090250728,0.5078,WorldBank,2026-07-15T01:51:34.937816+00:00,20260715T015053Z
THA,Thailand,2003,7.18924330340971,1.80434994635718,47.9668949890537,3.13356400154558,0.6555395444715,12.0830316275239,2.64684449404633,0.5114,WorldBank,2026-07-15T01:51:34.937816+00:00,20260715T015053Z
THA,Thailand,2004,6.28934214285795,2.75914926231082,50.592533714573,1.59597338993786,0.818270913353913,14.1518230940874,3.54811625679733,0.5306,WorldBank,2026-07-15T01:51:34.937816+00:00,20260715T015053Z
THA,Thailand,2005,4.18763842884337,4.54036919634536,48.0652759811039,-4.036464315232,1.3590750714862,17.9311272845557,4.3299915080277,0.572,WorldBank,2026-07-15T01:51:34.937816+00:00,20260715T015053Z
THA,Thailand,2006,4.96781089246107,4.63747436011764,47.2099671270942,1.04380762367254,1.53654839015347,20.1542727334997,4.98295530009268,0.5695,WorldBank,2026-07-15T01:51:34.937816+00:00,20260715T015053Z
THA,Thailand,2007,5.43515169050809,2.24154095286802,46.3873326792832,5.92665423116421,1.36661103193532,18.2573876958465,4.45405635204966,0.5413,WorldBank,2026-07-15T01:51:34.937816+00:00,20260715T015053Z
THA,Thailand,2008,1.72569884866334,5.46848949649846,44.1134208342255,0.319466151466348,1.90791786682769,21.0881175569149,6.42325899751744,0.5766,WorldBank,2026-07-15T01:51:34.937816+00:00,20260715T015053Z
THA,Thailand,2009,-0.690618232300579,-0.845716092316721,44.6820782033473,7.87655950254759,1.00735619758168,18.8877057224062,5.10728746220298,0.5384,WorldBank,2026-07-15T01:51:34.937816+00:00,20260715T015053Z
THA,Thailand,2010,7.51339053261624,3.24758842443725,43.659469263271,3.36732467219252,1.3337808366326,17.580503325799,4.9376917798405,0.5442,WorldBank,2026-07-15T01:51:34.937816+00:00,20260715T015053Z
THA,Thailand,2011,0.840132083053334,3.81191694558332,44.4812321023071,2.54217096328341,1.77251079433152,19.2307712563904,5.62505333864812,0.5577,WorldBank,2026-07-15T01:51:34.937816+00:00,20260715T015053Z
THA,Thailand,2012,7.24279620249642,3.00948610403357,43.6825522470004,-1.23233637957653,1.64099046582139,19.5044679159473,6.50877994657611,0.5713,WorldBank,2026-07-15T01:51:34.937816+00:00,20260715T015053Z
THA,Thailand,2013,2.68749556320556,2.18617704418967,43.0405417053826,-2.10153458942232,1.43416971462893,21.0035367644535,6.26560639926067,0.5835,WorldBank,2026-07-15T01:51:34.937816+00:00,20260715T015053Z
THA,Thailand,2014,0.984468863619426,1.89455652481545,44.024030705902,2.85828409870041,1.25645532400063,21.3058426358869,5.26621612167818,0.5698,WorldBank,2026-07-15T01:51:34.937816+00:00,20260715T015053Z
THA,Thailand,2015,3.13404724911635,-0.898143410569433,46.3193962539699,6.91581517168623,0.533712422055235,15.1473279905178,3.93607403286042,0.5182,WorldBank,2026-07-15T01:51:34.937816+00:00,20260715T015053Z
THA,Thailand,2016,3.43515771692182,0.186235191075453,45.7149338923838,10.5083543932086,0.429121666160215,12.553807307087,2.90326663511656,0.4898,WorldBank,2026-07-15T01:51:34.937816+00:00,20260715T015053Z
THA,Thailand,2017,4.1776810321001,0.664415139830893,47.6577862985132,9.63103019182141,0.527823222383697,13.8184504872407,3.48826255211954,0.5015,WorldBank,2026-07-15T01:51:34.937816+00:00,20260715T015053Z
THA,Thailand,2018,4.22287028746071,1.06683487370758,51.1007781069847,5.61986314598972,0.680804724043357,17.1068106280394,4.22547410116581,0.5367,WorldBank,2026-07-15T01:51:34.937816+00:00,20260715T015053Z
THA,Thailand,2019,2.11455779628278,0.705524801910317,48.6312117750796,7.04854832033554,0.459890940562708,15.5582115743442,3.44094593348334,0.5213,WorldBank,2026-07-15T01:51:34.937816+00:00,20260715T015053Z
THA,Thailand,2020,-6.09306312966953,-0.846087518861799,51.2390033904315,4.1441730948501,0.173930820486899,13.322189967967,2.65541449875509,0.5173,WorldBank,2026-07-15T01:51:34.937816+00:00,20260715T015053Z
THA,Thailand,2021,1.55858232076893,1.23104516549814,53.4974617478355,-2.14183455857728,0.481657874747012,14.8163921255511,3.58403042035946,0.548,WorldBank,2026-07-15T01:51:34.937816+00:00,20260715T015053Z
THA,Thailand,2022,2.63784213566305,6.07589952842433,57.1245185678327,-3.42866250197224,,20.1211964486061,3.88472768383787,0.5874,WorldBank,2026-07-15T01:51:34.937816+00:00,20260715T015053Z
THA,Thailand,2023,2.24883437970568,1.22908986612448,57.5142566317877,1.64003832144024,,18.4207924251689,3.86700213725135,0.5604,WorldBank,2026-07-15T01:51:34.937816+00:00,20260715T015053Z
THA,Thailand,2024,2.94859986593323,0.398333333333422,,2.19482817825998,,16.9016555305963,3.42247697644995,,WorldBank,2026-07-15T01:51:34.937816+00:00,20260715T015053Z
THA,Thailand,2025,2.44247444990198,-0.133634356480207,,2.76290010089629,,,,,WorldBank,2026-07-15T01:51:34.937816+00:00,20260715T015053Z
ARE,United Arab Emirates,1998,,,,,10.8323014620584,,,,WorldBank,2026-07-15T01:51:34.937816+00:00,20260715T015053Z
ARE,United Arab Emirates,1999,,,,,13.3744382605246,,,,WorldBank,2026-07-15T01:51:34.937816+00:00,20260715T015053Z
ARE,United Arab Emirates,2000,,,-362.474926037534,,20.8440561536495,,,,WorldBank,2026-07-15T01:51:34.937816+00:00,20260715T015053Z
ARE,United Arab Emirates,2001,,,-237.173477911049,,15.8062390008792,,,,WorldBank,2026-07-15T01:51:34.937816+00:00,20260715T015053Z
ARE,United Arab Emirates,2002,2.43337487237925,,-227.237770609243,,14.6453240587361,0.51641705097756,55.7261089954946,,WorldBank,2026-07-15T01:51:34.937816+00:00,20260715T015053Z
ARE,United Arab Emirates,2003,8.80057809996346,,-262.635909408767,,17.8057010079321,0.509728471022007,48.2728267331956,,WorldBank,2026-07-15T01:51:34.937816+00:00,20260715T015053Z
ARE,United Arab Emirates,2004,9.56652626277928,,-282.902083582046,,20.9182068452778,0.557269877344877,54.0586347867889,,WorldBank,2026-07-15T01:51:34.937816+00:00,20260715T015053Z
ARE,United Arab Emirates,2005,4.85513657996815,,-271.877260330466,,23.9417369873026,0.650697640068433,57.7303108639363,,WorldBank,2026-07-15T01:51:34.937816+00:00,20260715T015053Z
ARE,United Arab Emirates,2006,9.83727922860218,,-275.297889831981,,25.8820272214672,0.845391968004447,62.2532759092846,,WorldBank,2026-07-15T01:51:34.937816+00:00,20260715T015053Z
ARE,United Arab Emirates,2007,3.18441281459761,,-239.143526278874,,23.7183455650517,0.844364503956398,63.7197610075105,,WorldBank,2026-07-15T01:51:34.937816+00:00,20260715T015053Z
ARE,United Arab Emirates,2008,3.19181235452885,12.2504202448139,-189.037429177801,,26.67204274176,0.981915126122638,62.304908634584,,WorldBank,2026-07-15T01:51:34.937816+00:00,20260715T015053Z
ARE,United Arab Emirates,2009,-5.2429219073683,1.5618131744907,-151.936703989788,,18.418263242659,1.08896155883374,43.5246022231876,,WorldBank,2026-07-15T01:51:34.937816+00:00,20260715T015053Z
ARE,United Arab Emirates,2010,1.60285004336325,0.877983288285867,-174.858852041957,,22.6797378677807,1.08477882471217,49.9895856498744,,WorldBank,2026-07-15T01:51:34.937816+00:00,20260715T015053Z
ARE,United Arab Emirates,2011,6.73651167897515,0.87734659568512,-203.925954383789,,28.5990789001782,1.33117234350186,53.5351069475687,,WorldBank,2026-07-15T01:51:34.937816+00:00,20260715T015053Z
ARE,United Arab Emirates,2012,4.68325642918792,0.662268900269009,-204.392627312405,,27.0648520266069,3.22768743610337,47.2314196497577,,WorldBank,2026-07-15T01:51:34.937816+00:00,20260715T015053Z
ARE,United Arab Emirates,2013,4.9184505919085,1.1011183637571,-197.723542414887,,26.2480640478396,0.930224047960868,55.8450474819963,,WorldBank,2026-07-15T01:51:34.937816+00:00,20260715T015053Z
ARE,United Arab Emirates,2014,4.63291785879667,2.34626865671643,-153.250707324208,,22.9458647037024,0.96907364614558,50.7904126785472,,WorldBank,2026-07-15T01:51:34.937816+00:00,20260715T015053Z
ARE,United Arab Emirates,2015,7.08766622657654,4.06996608361593,-144.956335243698,,13.1025344354216,0.678162203646886,37.6515533891839,,WorldBank,2026-07-15T01:51:34.937816+00:00,20260715T015053Z
ARE,United Arab Emirates,2016,5.65790147196586,1.61748808904198,-138.130060398239,,11.0807563620506,1.12568351871056,31.5589751074458,,WorldBank,2026-07-15T01:51:34.937816+00:00,20260715T015053Z
ARE,United Arab Emirates,2017,-1.06137114472548,1.96682557818842,-163.562735811068,,13.4985731745503,3.63185489104211,35.9982377334342,,WorldBank,2026-07-15T01:51:34.937816+00:00,20260715T015053Z
ARE,United Arab Emirates,2018,1.53720634021511,3.06863379251997,-159.725700134966,,17.0989945007163,6.29858195742237,68.5381737167988,,WorldBank,2026-07-15T01:51:34.937816+00:00,20260715T015053Z
ARE,United Arab Emirates,2019,1.27129120536284,-1.93108114782173,-157.251588097578,,15.681591549088,19.3197135547146,77.8387271988389,,WorldBank,2026-07-15T01:51:34.937816+00:00,20260715T015053Z
ARE,United Arab Emirates,2020,-8.69343363776639,-2.07940317940944,-166.676304495143,,10.4940977026696,17.1850421166456,71.434331985329,,WorldBank,2026-07-15T01:51:34.937816+00:00,20260715T015053Z
ARE,United Arab Emirates,2021,4.55280140106356,0.179935336174431,-148.779300357276,,15.6730945329946,10.5838661646128,70.3219846270872,,WorldBank,2026-07-15T01:51:34.937816+00:00,20260715T015053Z
ARE,United Arab Emirates,2022,7.51452414254605,5.29122604376849,-171.482371329992,,,4.8880667043569,73.1440771980313,,WorldBank,2026-07-15T01:51:34.937816+00:00,20260715T015053Z
ARE,United Arab Emirates,2023,4.30113648499413,1.62670837213248,,13.1295797567307,,4.48813504429469,68.202872587783,,WorldBank,2026-07-15T01:51:34.937816+00:00,20260715T015053Z
ARE,United Arab Emirates,2024,3.99181200361831,1.66336510224894,,14.4792979326645,,,,,WorldBank,2026-07-15T01:51:34.937816+00:00,20260715T015053Z
ARE,United Arab Emirates,2025,,1.250865245598,,,,,,,WorldBank,2026-07-15T01:51:34.937816+00:00,20260715T015053Z
